aprBreakdown,aprTotal,borrowAprBreakdown,borrowAprTotal,borrowSharePrice,collateralAprBreakdown,collateralAprTotal,debt,distinctId,eventName,lastApr,lastRate,lastUpdatedAt,message,meta.address,meta.block_hash,meta.block_number,meta.chain,meta.contract,meta.log_index,meta.severity,meta.transaction_hash,meta.transaction_index,oracleAddress,protocol_id,supply,supplySharePrice,timestamp,underlyingSharePrice,usdSupply,vaultAddress,vaultName,vaultType
"[{""aprType"":""SINGLE"",""apr"":0,""aprMetadata"":""0x1c6b87ae1b97071ef444eedcba9f5a92cfe974edbbcaa1946644fc7ab0e283af""},{""aprType"":""SINGLE"",""apr"":0.0851,""aprMetadata"":""0xd5a9fba2309a0b85972a96f2cc45f9784e786d712944d8fc0b31a6d9cb4f21d3""},{""aprType"":""SINGLE"",""apr"":1.4983,""aprMetadata"":""0xd2e8f6fd195556222d7a0314d4fb93fdf84ae920faaebba6dbcf584ac865e1f5""},{""aprType"":""SINGLE"",""apr"":2.1378,""aprMetadata"":""0xfbe436e9aa361487f0c3e4ff94c88aea72887a4482c6b8bcfec60a8584cdb05e""},{""aprType"":""SINGLE"",""apr"":0.0151,""aprMetadata"":""0xfdece686f16877984325c7a1c192e0f18862bae3829d000a1a62b5bc2b31d4ef""},{""aprType"":""SINGLE"",""apr"":0.7442,""aprMetadata"":""0xf9f0473b23ebeb82c83078f0f0f77f27ac534c9fb227cb4366e6057b6163ffbf""},{""aprType"":""SINGLE"",""apr"":0.5162,""aprMetadata"":""0x6eb4ce92dc1d89abd40f9634249ec28e8ab4e3f9bef0ab47ea784773c140d4ef""},{""aprType"":""SINGLE"",""apr"":0.4777,""aprMetadata"":""0xd5c5b5db889eb5d4f4026b9704cddffbc1356732a37c2b543330c10756ae7a18""},{""aprType"":""SINGLE"",""apr"":0.1862,""aprMetadata"":""0x86d7bc359391486de8cd1204da45c53d6ada60ab9764450dc691e1775b2e8d69""},{""aprType"":""SINGLE"",""apr"":0.0388,""aprMetadata"":""0xd4fd53f612eaf411a1acea053cfa28cbfeea683273c4133bf115b47a20130305""}]","{""apr"":5.6994,""aprType"":""SINGLE""}","","",0.0,"","",0.0,"",AccrueInterest,5.6994,1.047309,1770880592.0,"",0x9896a8605763106e57a51aa0a97fe8099e806bb3,0xcf0dc269e6f57adbb4235b91be5de189be17daf35b178ac273859121ed1852d8,27070245,999,MetaMorpho,14,INFO,0xe5b7522f1853d812e82ccf3bb37b868ec1a7663cb1f7cac05f14791e71d7bd43,6,0x68e37dE8d93d3496ae143F2E900490f6280C57cD,morpho_felix_usdt0_(frontier)_999,2452950.8586673113,1.047309,2026-02-12T07:16:32.000000+0000,1.0,2568905.16787136,0x9896a8605763106e57A51aa0a97Fe8099E806bb3,Felix USDT0 (Frontier),MetaMorpho
"[{""aprType"":""SINGLE"",""aprMetadata"":""morpho_supply"",""apr"":9.9}]","{""apr"":9.9,""aprType"":""SINGLE""}","[{""aprType"":""SINGLE"",""aprMetadata"":""morpho_borrow"",""apr"":-10.5482}]","{""apr"":-10.5482,""aprType"":""SINGLE""}",1.0470073509928879,[],"{""apr"":0,""aprType"":""SINGLE""}",632633.41418,"",AccrueInterest,9.89996265948613,1.0407279936279283,1770880592.0,"",0x68e37de8d93d3496ae143f2e900490f6280c57cd,0xcf0dc269e6f57adbb4235b91be5de189be17daf35b178ac273859121ed1852d8,27070245,999,Morpho,17,INFO,0xe5b7522f1853d812e82ccf3bb37b868ec1a7663cb1f7cac05f14791e71d7bd43,6,0x68e37dE8d93d3496ae143F2E900490f6280C57cD,morpho_usdt0_0xd5a9fba2309a0b85972a96f2cc45f9784e786d712944d8fc0b31a6d9cb4f21d3_999,670012.316507,1.0407279936279283,2026-02-12T07:16:32.000000+0000,1.0,670012.316507,0x68e37dE8d93d3496ae143F2E900490f6280C57cD,Morpho USDT0 0xd5a9,MorphoMarket
"[{""aprType"":""SINGLE"",""aprMetadata"":""morpho_supply"",""apr"":4.1763}]","{""apr"":4.1763,""aprType"":""SINGLE""}","[{""aprType"":""SINGLE"",""aprMetadata"":""morpho_borrow"",""apr"":-4.7279}]","{""apr"":-4.7279,""aprType"":""SINGLE""}",1.0469869322585839,"[{""aprType"":""SINGLE"",""apr"":2.4652}]","{""apr"":2.4652,""aprType"":""SINGLE""}",1024605.905754,"",AccrueInterest,4.176271838477088,1.0405775977984324,1770880680.0,"",0x68e37de8d93d3496ae143f2e900490f6280c57cd,0xdc6503fd5c4ef6908fa84b5ceeff3397f94af82f58758225aa9120343eff18ed,27070335,999,Morpho,18,INFO,0x17bc57db4a294a6824330beb29af74cba4b8546937af551a33524155cf787657,2,0x68e37dE8d93d3496ae143F2E900490f6280C57cD,morpho_usdt0_0xfbe436e9aa361487f0c3e4ff94c88aea72887a4482c6b8bcfec60a8584cdb05e_999,1152841.106128,1.0405775977984324,2026-02-12T07:18:00.000000+0000,1.0,1152841.106128,0x68e37dE8d93d3496ae143F2E900490f6280C57cD,Morpho USDT0 0xfbe4,MorphoMarket
"[{""aprType"":""SINGLE"",""aprMetadata"":""morpho_supply"",""apr"":12.5187}]","{""apr"":12.5187,""aprType"":""SINGLE""}","[{""aprType"":""SINGLE"",""aprMetadata"":""morpho_borrow"",""apr"":-13.8191}]","{""apr"":-13.8191,""aprType"":""SINGLE""}",1.0470077291997648,[],"{""apr"":0,""aprType"":""SINGLE""}",632633.642704,"",AccrueInterest,12.518651862325092,1.0407283485935264,1770880680.0,"",0x68e37de8d93d3496ae143f2e900490f6280c57cd,0xdc6503fd5c4ef6908fa84b5ceeff3397f94af82f58758225aa9120343eff18ed,27070335,999,Morpho,23,INFO,0x17bc57db4a294a6824330beb29af74cba4b8546937af551a33524155cf787657,2,0x68e37dE8d93d3496ae143F2E900490f6280C57cD,morpho_usdt0_0xd5a9fba2309a0b85972a96f2cc45f9784e786d712944d8fc0b31a6d9cb4f21d3_999,694165.258613,1.0407283485935264,2026-02-12T07:18:00.000000+0000,1.0,694165.258613,0x68e37dE8d93d3496ae143F2E900490f6280C57cD,Morpho USDT0 0xd5a9,MorphoMarket
"[{""aprType"":""SINGLE"",""aprMetadata"":""morpho_supply"",""apr"":9.2646}]","{""apr"":9.2646,""aprType"":""SINGLE""}","[{""aprType"":""SINGLE"",""aprMetadata"":""morpho_borrow"",""apr"":-10.227}]","{""apr"":-10.227,""aprType"":""SINGLE""}",1.0499136073928246,"[{""aprType"":""SINGLE"",""apr"":2.1669}]","{""apr"":2.1669,""aprType"":""SINGLE""}",559864.721898,"",AccrueInterest,9.264589290101595,1.0432734721326473,1770880680.0,"",0x68e37de8d93d3496ae143f2e900490f6280c57cd,0xdc6503fd5c4ef6908fa84b5ceeff3397f94af82f58758225aa9120343eff18ed,27070335,999,Morpho,29,INFO,0x17bc57db4a294a6824330beb29af74cba4b8546937af551a33524155cf787657,2,0x68e37dE8d93d3496ae143F2E900490f6280C57cD,morpho_usdt0_0xd2e8f6fd195556222d7a0314d4fb93fdf84ae920faaebba6dbcf584ac865e1f5_999,614113.909295,1.0432734721326473,2026-02-12T07:18:00.000000+0000,1.0,614113.909295,0x68e37dE8d93d3496ae143F2E900490f6280C57cD,Morpho USDT0 0xd2e8,MorphoMarket
"[{""aprType"":""SINGLE"",""apr"":0,""aprMetadata"":""0xe0a1de770a9a72a083087fe1745c998426aaea984ddf155ea3d5fbba5b759713""},{""aprType"":""SINGLE"",""apr"":0,""aprMetadata"":""0xa666cc1147beda1aa50fae4b40cb4c37a51230e84e80dcd31233487060913a8d""},{""aprType"":""SINGLE"",""apr"":0,""aprMetadata"":""0x96c7abf76aed53d50b2cc84e2ed17846e0d1c4cc28236d95b6eb3b12dcc86909""},{""aprType"":""SINGLE"",""apr"":8.2321,""aprMetadata"":""0x87272614b7a2022c31ddd7bba8eb21d5ab40a6bcbea671264d59dc732053721d""},{""aprType"":""SINGLE"",""apr"":0.0387,""aprMetadata"":""0x1f79fe1822f6bfe7a70f8e7e5e768efd0c3f10db52af97c2f14e4b71e3130e70""},{""aprType"":""SINGLE"",""apr"":1.4772,""aprMetadata"":""0xc0a3063a0a7755b7d58642e9a6d3be1c05bc974665ef7d3b158784348d4e17c5""}]","{""apr"":9.748000000000001,""aprType"":""SINGLE""}","","",0.0,"","",0.0,"",AccrueInterest,9.748000000000001,1.059388,1770880680.0,"",0x9c59a9389d8f72de2cdaf1126f36ea4790e2275e,0xdc6503fd5c4ef6908fa84b5ceeff3397f94af82f58758225aa9120343eff18ed,27070335,999,MetaMorpho,40,INFO,0x97c3507535c141b56bf2c228320715c72b821e72271404a87246028c58f33d72,3,0x68e37dE8d93d3496ae143F2E900490f6280C57cD,morpho_felix_usdhl_999,484650.13676495134,1.059388,2026-02-12T07:18:00.000000+0000,1.0,513425.9315413121,0x9c59a9389D8f72DE2CdAf1126F36EA4790E2275e,Felix USDhl,MetaMorpho
"[{""aprType"":""SINGLE"",""aprMetadata"":""morpho_supply"",""apr"":0.0539}]","{""apr"":0.0539,""aprType"":""SINGLE""}","[{""aprType"":""SINGLE"",""aprMetadata"":""morpho_borrow"",""apr"":-0.4756}]","{""apr"":-0.4756,""aprType"":""SINGLE""}",1.0305048471948526,"[{""aprType"":""SINGLE"",""apr"":2.3084}]","{""apr"":2.3084,""aprType"":""SINGLE""}",40534.589655,"",AccrueInterest,0.05393949219401062,1.0266670041029853,1770880680.0,"",0x68e37de8d93d3496ae143f2e900490f6280c57cd,0xdc6503fd5c4ef6908fa84b5ceeff3397f94af82f58758225aa9120343eff18ed,27070335,999,Morpho,45,INFO,0x97c3507535c141b56bf2c228320715c72b821e72271404a87246028c58f33d72,3,0x68e37dE8d93d3496ae143F2E900490f6280C57cD,morpho_usdhl_0x1f79fe1822f6bfe7a70f8e7e5e768efd0c3f10db52af97c2f14e4b71e3130e70_999,356041.481101,1.0266670041029853,2026-02-12T07:18:00.000000+0000,1.0,356041.481101,0x68e37dE8d93d3496ae143F2E900490f6280C57cD,Morpho USDhl 0x1f79,MorphoMarket
"[{""aprType"":""SINGLE"",""apr"":0,""aprMetadata"":""0xe0a1de770a9a72a083087fe1745c998426aaea984ddf155ea3d5fbba5b759713""},{""aprType"":""SINGLE"",""apr"":0,""aprMetadata"":""0xa666cc1147beda1aa50fae4b40cb4c37a51230e84e80dcd31233487060913a8d""},{""aprType"":""SINGLE"",""apr"":0,""aprMetadata"":""0x96c7abf76aed53d50b2cc84e2ed17846e0d1c4cc28236d95b6eb3b12dcc86909""},{""aprType"":""SINGLE"",""apr"":8.2321,""aprMetadata"":""0x87272614b7a2022c31ddd7bba8eb21d5ab40a6bcbea671264d59dc732053721d""},{""aprType"":""SINGLE"",""apr"":0.0374,""aprMetadata"":""0x1f79fe1822f6bfe7a70f8e7e5e768efd0c3f10db52af97c2f14e4b71e3130e70""},{""aprType"":""SINGLE"",""apr"":1.4772,""aprMetadata"":""0xc0a3063a0a7755b7d58642e9a6d3be1c05bc974665ef7d3b158784348d4e17c5""}]","{""apr"":9.7467,""aprType"":""SINGLE""}","","",0.0,"","",0.0,"",AccrueInterest,9.7467,1.059388,1770880680.0,"",0x9c59a9389d8f72de2cdaf1126f36ea4790e2275e,0xdc6503fd5c4ef6908fa84b5ceeff3397f94af82f58758225aa9120343eff18ed,27070335,999,MetaMorpho,51,INFO,0x97c3507535c141b56bf2c228320715c72b821e72271404a87246028c58f33d72,3,0x68e37dE8d93d3496ae143F2E900490f6280C57cD,morpho_felix_usdhl_999,484650.13676495134,1.059388,2026-02-12T07:18:00.000000+0000,1.0,513425.93192816386,0x9c59a9389D8f72DE2CdAf1126F36EA4790E2275e,Felix USDhl,MetaMorpho
[],"{""apr"":0,""aprType"":""SINGLE""}","[{""aprType"":""SINGLE"",""aprMetadata"":""morpho_borrow"",""apr"":-0.1669}]","{""apr"":-0.1669,""aprType"":""SINGLE""}",1.4800068510125355,[],"{""apr"":0,""aprType"":""SINGLE""}",0.000292,"",AccrueInterest,3.2108749656485736e-7,1.4769843798428213,1770880680.0,"",0x68e37de8d93d3496ae143f2e900490f6280c57cd,0xdc6503fd5c4ef6908fa84b5ceeff3397f94af82f58758225aa9120343eff18ed,27070335,999,Morpho,54,INFO,0x97c3507535c141b56bf2c228320715c72b821e72271404a87246028c58f33d72,3,0x68e37dE8d93d3496ae143F2E900490f6280C57cD,morpho_usdhl_0xe0a1de770a9a72a083087fe1745c998426aaea984ddf155ea3d5fbba5b759713_999,151.434728,1.4769843798428213,2026-02-12T07:18:00.000000+0000,1.0,151.434728,0x68e37dE8d93d3496ae143F2E900490f6280C57cD,Morpho USDhl 0xe0a1,MorphoMarket
"[{""aprType"":""SINGLE"",""aprMetadata"":""morpho_supply"",""apr"":33.7985}]","{""apr"":33.7985,""aprType"":""SINGLE""}","[{""aprType"":""SINGLE"",""aprMetadata"":""morpho_borrow"",""apr"":-34.1085}]","{""apr"":-34.1085,""aprType"":""SINGLE""}",1.0817074836587826,[],"{""apr"":0,""aprType"":""SINGLE""}",147453.881924,"",AccrueInterest,33.79852964560679,1.071876694559713,1770880680.0,"",0x68e37de8d93d3496ae143f2e900490f6280c57cd,0xdc6503fd5c4ef6908fa84b5ceeff3397f94af82f58758225aa9120343eff18ed,27070335,999,Morpho,56,INFO,0x97c3507535c141b56bf2c228320715c72b821e72271404a87246028c58f33d72,3,0x68e37dE8d93d3496ae143F2E900490f6280C57cD,morpho_usdhl_0x96c7abf76aed53d50b2cc84e2ed17846e0d1c4cc28236d95b6eb3b12dcc86909_999,147453.881924,1.071876694559713,2026-02-12T07:18:00.000000+0000,1.0,147453.881924,0x68e37dE8d93d3496ae143F2E900490f6280C57cD,Morpho USDhl 0x96c7,MorphoMarket
"[{""aprType"":""SINGLE"",""aprMetadata"":""morpho_supply"",""apr"":17.9781}]","{""apr"":17.9781,""aprType"":""SINGLE""}","[{""aprType"":""SINGLE"",""aprMetadata"":""morpho_borrow"",""apr"":-19.1388}]","{""apr"":-19.1388,""aprType"":""SINGLE""}",1.0735844937081191,[],"{""apr"":0,""aprType"":""SINGLE""}",231301.570403,"",AccrueInterest,17.97809687565952,1.0643771384432177,1770880680.0,"",0x68e37de8d93d3496ae143f2e900490f6280c57cd,0xdc6503fd5c4ef6908fa84b5ceeff3397f94af82f58758225aa9120343eff18ed,27070335,999,Morpho,60,INFO,0x97c3507535c141b56bf2c228320715c72b821e72271404a87246028c58f33d72,3,0x68e37dE8d93d3496ae143F2E900490f6280C57cD,morpho_usdhl_0x87272614b7a2022c31ddd7bba8eb21d5ab40a6bcbea671264d59dc732053721d_999,244123.344224,1.0643771384432177,2026-02-12T07:18:00.000000+0000,1.0,244123.344224,0x68e37dE8d93d3496ae143F2E900490f6280C57cD,Morpho USDhl 0x8727,MorphoMarket
"[{""aprType"":""SINGLE"",""aprMetadata"":""morpho_supply"",""apr"":0.0557}]","{""apr"":0.0557,""aprType"":""SINGLE""}","[{""aprType"":""SINGLE"",""aprMetadata"":""morpho_borrow"",""apr"":-0.4637}]","{""apr"":-0.4637,""aprType"":""SINGLE""}",1.030504837915512,"[{""aprType"":""SINGLE"",""apr"":2.3084}]","{""apr"":2.3084,""aprType"":""SINGLE""}",40534.58929,"",AccrueInterest,0.05574105115117203,1.0266670029874745,1770880620.0,"",0x68e37de8d93d3496ae143f2e900490f6280c57cd,0x893a1b3b9968b0c96e4b62798e78396bf5c73e749c8cedee0aa07efbc5c81527,27070274,999,Morpho,107,INFO,0x0558c7c5c29f02c0285de237817512fb599cf116c523572b09faacd59a1100ce,6,0x68e37dE8d93d3496ae143F2E900490f6280C57cD,morpho_usdhl_0x1f79fe1822f6bfe7a70f8e7e5e768efd0c3f10db52af97c2f14e4b71e3130e70_999,335928.560269,1.0266670029874745,2026-02-12T07:17:00.000000+0000,1.0,335928.560269,0x68e37dE8d93d3496ae143F2E900490f6280C57cD,Morpho USDhl 0x1f79,MorphoMarket
"[{""aprType"":""SINGLE"",""aprMetadata"":""morpho_supply"",""apr"":97.4299}]","{""apr"":97.4299,""aprType"":""SINGLE""}","[{""aprType"":""SINGLE"",""aprMetadata"":""morpho_borrow"",""apr"":-106.8732}]","{""apr"":-106.8732,""aprType"":""SINGLE""}",1.0817068791656426,[],"{""apr"":0,""aprType"":""SINGLE""}",147453.799522,"",AccrueInterest,97.42991625604675,1.071876143479235,1770880620.0,"",0x68e37de8d93d3496ae143f2e900490f6280c57cd,0x893a1b3b9968b0c96e4b62798e78396bf5c73e749c8cedee0aa07efbc5c81527,27070274,999,Morpho,112,INFO,0x0558c7c5c29f02c0285de237817512fb599cf116c523572b09faacd59a1100ce,6,0x68e37dE8d93d3496ae143F2E900490f6280C57cD,morpho_usdhl_0x96c7abf76aed53d50b2cc84e2ed17846e0d1c4cc28236d95b6eb3b12dcc86909_999,160275.58266,1.071876143479235,2026-02-12T07:17:00.000000+0000,1.0,160275.58266,0x68e37dE8d93d3496ae143F2E900490f6280C57cD,Morpho USDhl 0x96c7,MorphoMarket
"[{""aprType"":""SINGLE"",""aprMetadata"":""morpho_supply"",""apr"":49.9124}]","{""apr"":49.9124,""aprType"":""SINGLE""}","[{""aprType"":""SINGLE"",""aprMetadata"":""morpho_borrow"",""apr"":-54.7218}]","{""apr"":-54.7218,""aprType"":""SINGLE""}",1.0735841359465221,[],"{""apr"":0,""aprType"":""SINGLE""}",231301.493324,"",AccrueInterest,49.91236835137237,1.0643768121249921,1770880620.0,"",0x68e37de8d93d3496ae143f2e900490f6280c57cd,0x893a1b3b9968b0c96e4b62798e78396bf5c73e749c8cedee0aa07efbc5c81527,27070274,999,Morpho,117,INFO,0x0558c7c5c29f02c0285de237817512fb599cf116c523572b09faacd59a1100ce,6,0x68e37dE8d93d3496ae143F2E900490f6280C57cD,morpho_usdhl_0x87272614b7a2022c31ddd7bba8eb21d5ab40a6bcbea671264d59dc732053721d_999,251414.404473,1.0643768121249921,2026-02-12T07:17:00.000000+0000,1.0,251414.404473,0x68e37dE8d93d3496ae143F2E900490f6280C57cD,Morpho USDhl 0x8727,MorphoMarket
"[{""aprType"":""SINGLE"",""aprMetadata"":""morpho_supply"",""apr"":37.9645}]","{""apr"":37.9645,""aprType"":""SINGLE""}","[{""aprType"":""SINGLE"",""aprMetadata"":""morpho_borrow"",""apr"":-41.4634}]","{""apr"":-41.4634,""aprType"":""SINGLE""}",1.092659590401268,[],"{""apr"":0,""aprType"":""SINGLE""}",1596.909675,"",TimeInterval,37.964478749363174,1.081710961276196,1770796800.0,"",0x68e37de8d93d3496ae143f2e900490f6280c57cd,0x0684afed148f368c3e790f6691e25fba5c04ee8eb0b0d373c18f48ea2aaed63b,26985056,999,Morpho,-1,INFO,"",-1,0x68e37dE8d93d3496ae143F2E900490f6280C57cD,morpho_usdt0_0x0ecf5be1fadf4bec3f79ce196f02a327b507b34d230c0f033f4970b1b510119c_999,1726.607936,1.081710961276196,2026-02-11T08:00:00.000000+0000,1.0,1726.607936,0x68e37dE8d93d3496ae143F2E900490f6280C57cD,Morpho USDT0 0x0ecf,MorphoMarket
[],"{""apr"":0,""aprType"":""SINGLE""}","[{""aprType"":""SINGLE"",""aprMetadata"":""morpho_borrow"",""apr"":-0.0316}]","{""apr"":-0.0316,""aprType"":""SINGLE""}",0.0,"[{""aprType"":""SINGLE"",""apr"":22.5065}]","{""apr"":22.5065,""aprType"":""SINGLE""}",0.0,"",TimeInterval,0.0,1.0,1770796800.0,"",0x68e37de8d93d3496ae143f2e900490f6280c57cd,0x0684afed148f368c3e790f6691e25fba5c04ee8eb0b0d373c18f48ea2aaed63b,26985056,999,Morpho,-1,INFO,"",-1,0x68e37dE8d93d3496ae143F2E900490f6280C57cD,morpho_usde_0x0f48c13cd52b1a76c5dde495fe72049cd57e608335f3d0002ef649c18b96b855_999,1e-15,1.0,2026-02-11T08:00:00.000000+0000,1.0,9.9850703e-16,0x68e37dE8d93d3496ae143F2E900490f6280C57cD,Morpho USDe 0x0f48,MorphoMarket
[],"{""apr"":0,""aprType"":""SINGLE""}","[{""aprType"":""SINGLE"",""aprMetadata"":""morpho_borrow"",""apr"":-0.025}]","{""apr"":-0.025,""aprType"":""SINGLE""}",0.0,[],"{""apr"":0,""aprType"":""SINGLE""}",0.0,"",TimeInterval,2.90390452230146e-8,1.0010670382443347,1770796800.0,"",0x68e37de8d93d3496ae143f2e900490f6280c57cd,0x0684afed148f368c3e790f6691e25fba5c04ee8eb0b0d373c18f48ea2aaed63b,26985056,999,Morpho,-1,INFO,"",-1,0x68e37dE8d93d3496ae143F2E900490f6280C57cD,morpho_usdt0_0x15f505f8dda26a523f7490ad0322f3ed4f325a54fd50832bc65e4bd75e3dca54_999,0.8619180000000001,1.0010670382443347,2026-02-11T08:00:00.000000+0000,1.0,0.8619180000000001,0x68e37dE8d93d3496ae143F2E900490f6280C57cD,Morpho USDT0 0x15f5,MorphoMarket
[],"{""apr"":0,""aprType"":""SINGLE""}",[],"{""apr"":0,""aprType"":""SINGLE""}",0.0,[],"{""apr"":0,""aprType"":""SINGLE""}",0.0,"",TimeInterval,0.0,1.0,1770796800.0,"",0x68e37de8d93d3496ae143f2e900490f6280c57cd,0x0684afed148f368c3e790f6691e25fba5c04ee8eb0b0d373c18f48ea2aaed63b,26985056,999,Morpho,-1,INFO,"",-1,0x68e37dE8d93d3496ae143F2E900490f6280C57cD,morpho_usdt0_0x1c6b87ae1b97071ef444eedcba9f5a92cfe974edbbcaa1946644fc7ab0e283af_999,345.059705,1.0,2026-02-11T08:00:00.000000+0000,1.0,345.059705,0x68e37dE8d93d3496ae143F2E900490f6280C57cD,Morpho USDT0 0x1c6b,MorphoMarket
"[{""aprType"":""SINGLE"",""aprMetadata"":""morpho_supply"",""apr"":6.9938}]","{""apr"":6.9938,""aprType"":""SINGLE""}","[{""aprType"":""SINGLE"",""aprMetadata"":""morpho_borrow"",""apr"":-13.2051}]","{""apr"":-13.2051,""aprType"":""SINGLE""}",1.051735622936891,[],"{""apr"":0,""aprType"":""SINGLE""}",2279.0474078417833,"",TimeInterval,6.993771130438147,1.0458992355110952,1770796800.0,"",0x68e37de8d93d3496ae143f2e900490f6280c57cd,0x0684afed148f368c3e790f6691e25fba5c04ee8eb0b0d373c18f48ea2aaed63b,26985056,999,Morpho,-1,INFO,"",-1,0x68e37dE8d93d3496ae143F2E900490f6280C57cD,morpho_whype_0x1df0d0ebcdc52069692452cb9a3e5cf6c017b237378141eaf08a05ce17205ed6_999,4279.258653390473,1.0458992355110952,2026-02-11T08:00:00.000000+0000,1.0,123167.47120162286,0x68e37dE8d93d3496ae143F2E900490f6280C57cD,Morpho wHYPE 0x1df0,MorphoMarket
[],"{""apr"":0,""aprType"":""SINGLE""}",[],"{""apr"":0,""aprType"":""SINGLE""}",0.0,"[{""aprType"":""SINGLE"",""apr"":22.5065}]","{""apr"":22.5065,""aprType"":""SINGLE""}",0.0,"",TimeInterval,0.0,0.0,1770796800.0,"",0x68e37de8d93d3496ae143f2e900490f6280c57cd,0x0684afed148f368c3e790f6691e25fba5c04ee8eb0b0d373c18f48ea2aaed63b,26985056,999,Morpho,-1,INFO,"",-1,0x68e37dE8d93d3496ae143F2E900490f6280C57cD,morpho_usdhl_0x2675d16b59d5ba7bb4286d50fe43b071f66017ce2d985a08243ab4c4cd235e23_999,0.0,0.0,2026-02-11T08:00:00.000000+0000,1.0,0.0,0x68e37dE8d93d3496ae143F2E900490f6280C57cD,Morpho USDhl 0x2675,MorphoMarket
"[{""aprType"":""SINGLE"",""aprMetadata"":""morpho_supply"",""apr"":17.9968}]","{""apr"":17.9968,""aprType"":""SINGLE""}","[{""aprType"":""SINGLE"",""aprMetadata"":""morpho_borrow"",""apr"":-19.1742}]","{""apr"":-19.1742,""aprType"":""SINGLE""}",1.07601571056328,[],"{""apr"":0,""aprType"":""SINGLE""}",787883.5813600855,"",TimeInterval,17.99683536424355,1.0659380945897923,1770796800.0,"",0x68e37de8d93d3496ae143f2e900490f6280c57cd,0x0684afed148f368c3e790f6691e25fba5c04ee8eb0b0d373c18f48ea2aaed63b,26985056,999,Morpho,-1,INFO,"",-1,0x68e37dE8d93d3496ae143F2E900490f6280C57cD,morpho_usde_0x292f0a3ddfb642fbaadf258ebcccf9e4b0048a9dc5af93036288502bde1a71b1_999,831565.5191227327,1.0659380945897923,2026-02-11T08:00:00.000000+0000,1.0,830324.016749648,0x68e37dE8d93d3496ae143F2E900490f6280C57cD,Morpho USDe 0x292f,MorphoMarket
[],"{""apr"":0,""aprType"":""SINGLE""}",[],"{""apr"":0,""aprType"":""SINGLE""}",0.0,[],"{""apr"":0,""aprType"":""SINGLE""}",0.0,"",TimeInterval,0.0,0.0,1770796800.0,"",0x68e37de8d93d3496ae143f2e900490f6280c57cd,0x0684afed148f368c3e790f6691e25fba5c04ee8eb0b0d373c18f48ea2aaed63b,26985056,999,Morpho,-1,INFO,"",-1,0x68e37dE8d93d3496ae143F2E900490f6280C57cD,morpho_usde_0x33c935bb0699b737d9cbd4274b5936a9004eee03ccfa70e266ff7c1513fd4808_999,0.0,0.0,2026-02-11T08:00:00.000000+0000,1.0,0.0,0x68e37dE8d93d3496ae143F2E900490f6280C57cD,Morpho USDe 0x33c9,MorphoMarket
[],"{""apr"":0,""aprType"":""SINGLE""}","[{""aprType"":""SINGLE"",""aprMetadata"":""morpho_borrow"",""apr"":-0.0269}]","{""apr"":-0.0269,""aprType"":""SINGLE""}",1.0940913701012274,[],"{""apr"":0,""aprType"":""SINGLE""}",0.00008300000000000001,"",TimeInterval,2.4103419153083426e-6,1.0891156063565286,1770796800.0,"",0x68e37de8d93d3496ae143f2e900490f6280c57cd,0x0684afed148f368c3e790f6691e25fba5c04ee8eb0b0d373c18f48ea2aaed63b,26985056,999,Morpho,-1,INFO,"",-1,0x68e37dE8d93d3496ae143F2E900490f6280C57cD,morpho_usdt0_0x3626a2c94bde571380a75c37c38b05f8043a3dce371304a543bb3aefcdf5d53b_999,0.9235340000000001,1.0891156063565286,2026-02-11T08:00:00.000000+0000,1.0,0.9235340000000001,0x68e37dE8d93d3496ae143F2E900490f6280C57cD,Morpho USDT0 0x3626,MorphoMarket
[],"{""apr"":0,""aprType"":""SINGLE""}",[],"{""apr"":0,""aprType"":""SINGLE""}",0.0,[],"{""apr"":0,""aprType"":""SINGLE""}",0.0,"",TimeInterval,0.0,0.0,1770796800.0,"",0x68e37de8d93d3496ae143f2e900490f6280c57cd,0x0684afed148f368c3e790f6691e25fba5c04ee8eb0b0d373c18f48ea2aaed63b,26985056,999,Morpho,-1,INFO,"",-1,0x68e37dE8d93d3496ae143F2E900490f6280C57cD,morpho_usr_0x0bb2900086fe38fa9633c664e1f955eb8dcf66a81174967e83dee867e083a105_999,0.0,0.0,2026-02-11T08:00:00.000000+0000,1.0,0.0,0x68e37dE8d93d3496ae143F2E900490f6280C57cD,Morpho USR 0x0bb2,MorphoMarket
[],"{""apr"":0,""aprType"":""SINGLE""}",[],"{""apr"":0,""aprType"":""SINGLE""}",0.0,[],"{""apr"":0,""aprType"":""SINGLE""}",0.0,"",TimeInterval,0.0,0.0,1770796800.0,"",0x68e37de8d93d3496ae143f2e900490f6280c57cd,0x0684afed148f368c3e790f6691e25fba5c04ee8eb0b0d373c18f48ea2aaed63b,26985056,999,Morpho,-1,INFO,"",-1,0x68e37dE8d93d3496ae143F2E900490f6280C57cD,morpho_usdc_0x23389f3e5737a81983e8f69b82366cd7984a7f41e14a38691fdf453347dc2f0a_999,0.0,0.0,2026-02-11T08:00:00.000000+0000,1.0,0.0,0x68e37dE8d93d3496ae143F2E900490f6280C57cD,Morpho USDC 0x2338,MorphoMarket
"[{""aprType"":""SINGLE"",""aprMetadata"":""morpho_supply"",""apr"":12521.8787}]","{""apr"":12521.8787,""aprType"":""SINGLE""}","[{""aprType"":""SINGLE"",""aprMetadata"":""morpho_borrow"",""apr"":-12533.3333}]","{""apr"":-12533.3333,""aprType"":""SINGLE""}",1.2650809202372726,[],"{""apr"":0,""aprType"":""SINGLE""}",2.540820130266913,"",TimeInterval,12521.878714307626,1.2639247218623715,1770796800.0,"",0x68e37de8d93d3496ae143f2e900490f6280c57cd,0x0684afed148f368c3e790f6691e25fba5c04ee8eb0b0d373c18f48ea2aaed63b,26985056,999,Morpho,-1,INFO,"",-1,0x68e37dE8d93d3496ae143F2E900490f6280C57cD,morpho_usde_0x41afe1000213f119a3d8a6cd2f9fc0b564a58f948514e4cc246f6293bbed3409_999,2.540820130266913,1.2639247218623715,2026-02-11T08:00:00.000000+0000,1.0,2.537026762037028,0x68e37dE8d93d3496ae143F2E900490f6280C57cD,Morpho USDe 0x41af,MorphoMarket
[],"{""apr"":0,""aprType"":""SINGLE""}",[],"{""apr"":0,""aprType"":""SINGLE""}",0.0,[],"{""apr"":0,""aprType"":""SINGLE""}",0.0,"",TimeInterval,0.0,0.0,1770796800.0,"",0x68e37de8d93d3496ae143f2e900490f6280c57cd,0x0684afed148f368c3e790f6691e25fba5c04ee8eb0b0d373c18f48ea2aaed63b,26985056,999,Morpho,-1,INFO,"",-1,0x68e37dE8d93d3496ae143F2E900490f6280C57cD,morpho_usdt0_0x421ef428ddcb645ceeca6825669f92db7e7a391094eac9ba17458ff6cf29decb_999,0.0,0.0,2026-02-11T08:00:00.000000+0000,1.0,0.0,0x68e37dE8d93d3496ae143F2E900490f6280C57cD,Morpho USDT0 0x421e,MorphoMarket
[],"{""apr"":0,""aprType"":""SINGLE""}","[{""aprType"":""SINGLE"",""aprMetadata"":""morpho_borrow"",""apr"":-0.025}]","{""apr"":-0.025,""aprType"":""SINGLE""}",0.0,[],"{""apr"":0,""aprType"":""SINGLE""}",0.0,"",TimeInterval,0.0,1.0,1770796800.0,"",0x68e37de8d93d3496ae143f2e900490f6280c57cd,0x0684afed148f368c3e790f6691e25fba5c04ee8eb0b0d373c18f48ea2aaed63b,26985056,999,Morpho,-1,INFO,"",-1,0x68e37dE8d93d3496ae143F2E900490f6280C57cD,morpho_whype_0x48e3352186d92b50b0c8d4b4adce2f3471ef716ee259acb43fa3da1afe0159fe_999,0.00020000000000100002,1.0,2026-02-11T08:00:00.000000+0000,1.0,0.005756486400028783,0x68e37dE8d93d3496ae143F2E900490f6280C57cD,Morpho wHYPE 0x48e3,MorphoMarket
"[{""aprType"":""SINGLE"",""aprMetadata"":""morpho_supply"",""apr"":0.0005}]","{""apr"":0.0005,""aprType"":""SINGLE""}","[{""aprType"":""SINGLE"",""aprMetadata"":""morpho_borrow"",""apr"":-0.0491}]","{""apr"":-0.0491,""aprType"":""SINGLE""}",2.4820284146847964,[],"{""apr"":0,""aprType"":""SINGLE""}",0.049218000000000005,"",TimeInterval,0.00048699825880271086,2.359444997708641,1770796800.0,"",0x68e37de8d93d3496ae143f2e900490f6280c57cd,0x0684afed148f368c3e790f6691e25fba5c04ee8eb0b0d373c18f48ea2aaed63b,26985056,999,Morpho,-1,INFO,"",-1,0x68e37dE8d93d3496ae143F2E900490f6280C57cD,morpho_usdhl_0x27eb6eacceff68d38334f7eb2076820826f6d202a76779e349cd6831d5af6121_999,4.719427,2.359444997708641,2026-02-11T08:00:00.000000+0000,1.0,4.719427,0x68e37dE8d93d3496ae143F2E900490f6280C57cD,Morpho USDhl 0x27eb,MorphoMarket
"[{""aprType"":""SINGLE"",""aprMetadata"":""morpho_supply"",""apr"":0.0521}]","{""apr"":0.0521,""aprType"":""SINGLE""}","[{""aprType"":""SINGLE"",""aprMetadata"":""morpho_borrow"",""apr"":-0.2396}]","{""apr"":-0.2396,""aprType"":""SINGLE""}",1.1479734889799658,"[{""aprType"":""SINGLE"",""apr"":22.2287}]","{""apr"":22.2287,""aprType"":""SINGLE""}",0.07522657127867319,"",TimeInterval,0.05210577577340071,1.1400452818608462,1770796800.0,"",0x68e37de8d93d3496ae143f2e900490f6280c57cd,0x0684afed148f368c3e790f6691e25fba5c04ee8eb0b0d373c18f48ea2aaed63b,26985056,999,Morpho,-1,INFO,"",-1,0x68e37dE8d93d3496ae143F2E900490f6280C57cD,morpho_usde_0x4d28821656387b59b9af4fd98bcb794a894ede7ace017dc75e4ee73b8d8e8e49_999,0.3434770322493933,1.1400452818608462,2026-02-11T08:00:00.000000+0000,1.0,0.34296423134455595,0x68e37dE8d93d3496ae143F2E900490f6280C57cD,Morpho USDe 0x4d28,MorphoMarket
"[{""aprType"":""SINGLE"",""aprMetadata"":""morpho_supply"",""apr"":0.2366}]","{""apr"":0.2366,""aprType"":""SINGLE""}","[{""aprType"":""SINGLE"",""aprMetadata"":""morpho_borrow"",""apr"":-14.6032}]","{""apr"":-14.6032,""aprType"":""SINGLE""}",3.481475991488905,[],"{""apr"":0,""aprType"":""SINGLE""}",0.11281200000000001,"",TimeInterval,0.23657058888205706,3.346888456849493,1770796800.0,"",0x68e37de8d93d3496ae143f2e900490f6280c57cd,0x0684afed148f368c3e790f6691e25fba5c04ee8eb0b0d373c18f48ea2aaed63b,26985056,999,Morpho,-1,INFO,"",-1,0x68e37dE8d93d3496ae143F2E900490f6280C57cD,morpho_usdhl_0x4a9a84a2760a4579ef9d8ad5eebc073f0606ff49d7cabcbdd07c6c49157f9abd_999,6.694542,3.346888456849493,2026-02-11T08:00:00.000000+0000,1.0,6.694542,0x68e37dE8d93d3496ae143F2E900490f6280C57cD,Morpho USDhl 0x4a9a,MorphoMarket
"[{""aprType"":""SINGLE"",""aprMetadata"":""morpho_supply"",""apr"":5.3846}]","{""apr"":5.3846,""aprType"":""SINGLE""}","[{""aprType"":""SINGLE"",""aprMetadata"":""morpho_borrow"",""apr"":-6.1116}]","{""apr"":-6.1116,""aprType"":""SINGLE""}",1.0309337906836178,[],"{""apr"":0,""aprType"":""SINGLE""}",2737596.389847,"",TimeInterval,5.384557661036995,1.0271789479491602,1770796800.0,"",0x68e37de8d93d3496ae143f2e900490f6280c57cd,0x0684afed148f368c3e790f6691e25fba5c04ee8eb0b0d373c18f48ea2aaed63b,26985056,999,Morpho,-1,INFO,"",-1,0x68e37dE8d93d3496ae143F2E900490f6280C57cD,morpho_usdc_0x45af9c72aa97978e143a646498c8922058b7c6f18b6f7b05d7316c8cf7ab942f_999,3095900.839119,1.0271789479491602,2026-02-11T08:00:00.000000+0000,1.0,3095900.839119,0x68e37dE8d93d3496ae143F2E900490f6280C57cD,Morpho USDC 0x45af,MorphoMarket
[],"{""apr"":0,""aprType"":""SINGLE""}","[{""aprType"":""SINGLE"",""aprMetadata"":""morpho_borrow"",""apr"":-0.025}]","{""apr"":-0.025,""aprType"":""SINGLE""}",0.0,[],"{""apr"":0,""aprType"":""SINGLE""}",0.0,"",TimeInterval,0.0,1.1731670513935106,1770796800.0,"",0x68e37de8d93d3496ae143f2e900490f6280c57cd,0x0684afed148f368c3e790f6691e25fba5c04ee8eb0b0d373c18f48ea2aaed63b,26985056,999,Morpho,-1,INFO,"",-1,0x68e37dE8d93d3496ae143F2E900490f6280C57cD,morpho_whype_0x530d031b595d0ffe3770af0edf0442272a8c9858e50793db308d02b306ad9e2d_999,1.1740000000000001e-15,1.1731670513935106,2026-02-11T08:00:00.000000+0000,1.0,3.3790575168e-14,0x68e37dE8d93d3496ae143F2E900490f6280C57cD,Morpho wHYPE 0x530d,MorphoMarket
"[{""aprType"":""SINGLE"",""aprMetadata"":""morpho_supply"",""apr"":20.7444}]","{""apr"":20.7444,""aprType"":""SINGLE""}","[{""aprType"":""SINGLE"",""aprMetadata"":""morpho_borrow"",""apr"":-22.008}]","{""apr"":-22.008,""aprType"":""SINGLE""}",1.0570212923506415,[],"{""apr"":0,""aprType"":""SINGLE""}",0.10512076203011864,"",TimeInterval,20.744428579374734,1.0520245229352565,1770796800.0,"",0x68e37de8d93d3496ae143f2e900490f6280c57cd,0x0684afed148f368c3e790f6691e25fba5c04ee8eb0b0d373c18f48ea2aaed63b,26985056,999,Morpho,-1,INFO,"",-1,0x68e37dE8d93d3496ae143F2E900490f6280C57cD,morpho_whype_0x53bf81793c2cc384c19a3bc9b032467e179a390a9225cd9542742ac10f539cc2_999,0.11099668199905438,1.0520245229352565,2026-02-11T08:00:00.000000+0000,1.0,3.194754451863407,0x68e37dE8d93d3496ae143F2E900490f6280C57cD,Morpho wHYPE 0x53bf,MorphoMarket
[],"{""apr"":0,""aprType"":""SINGLE""}","[{""aprType"":""SINGLE"",""aprMetadata"":""morpho_borrow"",""apr"":-358.134}]","{""apr"":-358.134,""aprType"":""SINGLE""}",3048.7804878048782,"[{""aprType"":""SINGLE"",""apr"":22.5065}]","{""apr"":22.5065,""aprType"":""SINGLE""}",3e-6,"",TimeInterval,0.00004826128153971101,4.846070412833392,1770796800.0,"",0x68e37de8d93d3496ae143f2e900490f6280c57cd,0x0684afed148f368c3e790f6691e25fba5c04ee8eb0b0d373c18f48ea2aaed63b,26985056,999,Morpho,-1,INFO,"",-1,0x68e37dE8d93d3496ae143F2E900490f6280C57cD,morpho_usdt0_0x54c1eb052be031efd1972da16583527f9c52f16211b62e744255ad097e4c93c9_999,0.03538600000000001,4.846070412833392,2026-02-11T08:00:00.000000+0000,1.0,0.03538600000000001,0x68e37dE8d93d3496ae143F2E900490f6280C57cD,Morpho USDT0 0x54c1,MorphoMarket
"[{""aprType"":""SINGLE"",""aprMetadata"":""morpho_supply"",""apr"":0.622}]","{""apr"":0.622,""aprType"":""SINGLE""}","[{""aprType"":""SINGLE"",""aprMetadata"":""morpho_borrow"",""apr"":-0.931}]","{""apr"":-0.931,""aprType"":""SINGLE""}",1.0241946245524642,"[{""aprType"":""SINGLE"",""apr"":1.6754}]","{""apr"":1.6754,""aprType"":""SINGLE""}",43.341135,"",TimeInterval,0.6220384405802394,1.0216797100885266,1770796800.0,"",0x68e37de8d93d3496ae143f2e900490f6280c57cd,0x0684afed148f368c3e790f6691e25fba5c04ee8eb0b0d373c18f48ea2aaed63b,26985056,999,Morpho,-1,INFO,"",-1,0x68e37dE8d93d3496ae143F2E900490f6280C57cD,morpho_usdt0_0x09ed416b38a29e077383da5ae4200523e54e33ecff6e148c2590969a9852513f_999,64.708001,1.0216797100885266,2026-02-11T08:00:00.000000+0000,1.0,64.708001,0x68e37dE8d93d3496ae143F2E900490f6280C57cD,Morpho USDT0 0x09ed,MorphoMarket
[],"{""apr"":0,""aprType"":""SINGLE""}",[],"{""apr"":0,""aprType"":""SINGLE""}",0.0,"[{""aprType"":""SINGLE"",""apr"":1.6754}]","{""apr"":1.6754,""aprType"":""SINGLE""}",0.0,"",TimeInterval,0.0,0.0,1770796800.0,"",0x68e37de8d93d3496ae143f2e900490f6280c57cd,0x0684afed148f368c3e790f6691e25fba5c04ee8eb0b0d373c18f48ea2aaed63b,26985056,999,Morpho,-1,INFO,"",-1,0x68e37dE8d93d3496ae143F2E900490f6280C57cD,morpho_usdt0_0x16991f7ea87fbe8331a08532f54357292a74329f036d6128af249a974dc29b36_999,0.0,0.0,2026-02-11T08:00:00.000000+0000,1.0,0.0,0x68e37dE8d93d3496ae143F2E900490f6280C57cD,Morpho USDT0 0x1699,MorphoMarket
"[{""aprType"":""SINGLE"",""aprMetadata"":""morpho_supply"",""apr"":1.0015}]","{""apr"":1.0015,""aprType"":""SINGLE""}","[{""aprType"":""SINGLE"",""aprMetadata"":""morpho_borrow"",""apr"":-1.0015}]","{""apr"":-1.0015,""aprType"":""SINGLE""}",1.0,[],"{""apr"":0,""aprType"":""SINGLE""}",0.01,"",TimeInterval,1.0015149020150804,1.0,1770796800.0,"",0x68e37de8d93d3496ae143f2e900490f6280c57cd,0x0684afed148f368c3e790f6691e25fba5c04ee8eb0b0d373c18f48ea2aaed63b,26985056,999,Morpho,-1,INFO,"",-1,0x68e37dE8d93d3496ae143F2E900490f6280C57cD,morpho_usdt0_0x55995578e8052b2ef00b1a5edaf8b516089f53058b590adcb4f21c07701a2158_999,0.01,1.0,2026-02-11T08:00:00.000000+0000,1.0,0.01,0x68e37dE8d93d3496ae143F2E900490f6280C57cD,Morpho USDT0 0x5599,MorphoMarket
[],"{""apr"":0,""aprType"":""SINGLE""}","[{""aprType"":""SINGLE"",""aprMetadata"":""morpho_borrow"",""apr"":-0.0258}]","{""apr"":-0.0258,""aprType"":""SINGLE""}",0.0,[],"{""apr"":0,""aprType"":""SINGLE""}",0.0,"",TimeInterval,0.0,1.0,1770796800.0,"",0x68e37de8d93d3496ae143f2e900490f6280c57cd,0x0684afed148f368c3e790f6691e25fba5c04ee8eb0b0d373c18f48ea2aaed63b,26985056,999,Morpho,-1,INFO,"",-1,0x68e37dE8d93d3496ae143F2E900490f6280C57cD,morpho_usdt0_0x56c0dccc0080927282000353e6fef69a81dd4dbed29f6ddb800be7ac2878afe3_999,0.011000000000000001,1.0,2026-02-11T08:00:00.000000+0000,1.0,0.011000000000000001,0x68e37dE8d93d3496ae143F2E900490f6280C57cD,Morpho USDT0 0x56c0,MorphoMarket
[],"{""apr"":0,""aprType"":""SINGLE""}","[{""aprType"":""SINGLE"",""aprMetadata"":""morpho_borrow"",""apr"":-0.0257}]","{""apr"":-0.0257,""aprType"":""SINGLE""}",0.0,[],"{""apr"":0,""aprType"":""SINGLE""}",0.0,"",TimeInterval,0.0,1.0,1770796800.0,"",0x68e37de8d93d3496ae143f2e900490f6280c57cd,0x0684afed148f368c3e790f6691e25fba5c04ee8eb0b0d373c18f48ea2aaed63b,26985056,999,Morpho,-1,INFO,"",-1,0x68e37dE8d93d3496ae143F2E900490f6280C57cD,morpho_usde_0x5edbc8ba68c62f60050ed71155c862cbb6fb62b85dd0a1da1231a94bfb8da451_999,0.006000000000001,1.0,2026-02-11T08:00:00.000000+0000,1.0,0.005991042180000999,0x68e37dE8d93d3496ae143F2E900490f6280C57cD,Morpho USDe 0x5edb,MorphoMarket
[],"{""apr"":0,""aprType"":""SINGLE""}","[{""aprType"":""SINGLE"",""aprMetadata"":""morpho_borrow"",""apr"":-0.2446}]","{""apr"":-0.2446,""aprType"":""SINGLE""}",0.0,[],"{""apr"":0,""aprType"":""SINGLE""}",0.0,"",TimeInterval,0.0,1.0,1770796800.0,"",0x68e37de8d93d3496ae143f2e900490f6280c57cd,0x0684afed148f368c3e790f6691e25fba5c04ee8eb0b0d373c18f48ea2aaed63b,26985056,999,Morpho,-1,INFO,"",-1,0x68e37dE8d93d3496ae143F2E900490f6280C57cD,morpho_usdt0_0x4577a9b5b694701e04fe59dfda069f386a146474549e40d361e653027867df60_999,0.001,1.0,2026-02-11T08:00:00.000000+0000,1.0,0.001,0x68e37dE8d93d3496ae143F2E900490f6280C57cD,Morpho USDT0 0x4577,MorphoMarket
"[{""aprType"":""SINGLE"",""aprMetadata"":""morpho_supply"",""apr"":1.2756}]","{""apr"":1.2756,""aprType"":""SINGLE""}","[{""aprType"":""SINGLE"",""aprMetadata"":""morpho_borrow"",""apr"":-1.4024}]","{""apr"":-1.4024,""aprType"":""SINGLE""}",1.0026373442761765,[],"{""apr"":0,""aprType"":""SINGLE""}",30166.77151714731,"",TimeInterval,1.2756263704938493,1.002122544239857,1770796800.0,"",0x68e37de8d93d3496ae143f2e900490f6280c57cd,0x0684afed148f368c3e790f6691e25fba5c04ee8eb0b0d373c18f48ea2aaed63b,26985056,999,Morpho,-1,INFO,"",-1,0x68e37dE8d93d3496ae143F2E900490f6280C57cD,morpho_whype_0x6243736b94609da57ca7cb399df512cfae8a112fa5a325d08fd5f4234f5ccd2c_999,33146.59553918804,1.002122544239857,2026-02-11T08:00:00.000000+0000,1.0,954039.6321381832,0x68e37dE8d93d3496ae143F2E900490f6280C57cD,Morpho wHYPE 0x6243,MorphoMarket
[],"{""apr"":0,""aprType"":""SINGLE""}","[{""aprType"":""SINGLE"",""aprMetadata"":""morpho_borrow"",""apr"":-0.025}]","{""apr"":-0.025,""aprType"":""SINGLE""}",0.0,"[{""aprType"":""SINGLE"",""apr"":2.302}]","{""apr"":2.302,""aprType"":""SINGLE""}",0.0,"",TimeInterval,0.0,1.0,1770796800.0,"",0x68e37de8d93d3496ae143f2e900490f6280c57cd,0x0684afed148f368c3e790f6691e25fba5c04ee8eb0b0d373c18f48ea2aaed63b,26985056,999,Morpho,-1,INFO,"",-1,0x68e37dE8d93d3496ae143F2E900490f6280C57cD,morpho_whype_0x15b191d17df55e1539b945b93013ff66a0c6b359a242c042905f6a8c3093d808_999,0.00030000000000100004,1.0,2026-02-11T08:00:00.000000+0000,1.0,0.008634729600028783,0x68e37dE8d93d3496ae143F2E900490f6280C57cD,Morpho wHYPE 0x15b1,MorphoMarket
"[{""aprType"":""SINGLE"",""aprMetadata"":""morpho_supply"",""apr"":2.566}]","{""apr"":2.566,""aprType"":""SINGLE""}","[{""aprType"":""SINGLE"",""aprMetadata"":""morpho_borrow"",""apr"":-2.8535}]","{""apr"":-2.8535,""aprType"":""SINGLE""}",1.0201450833845442,"[{""aprType"":""SINGLE"",""apr"":1.6754}]","{""apr"":1.6754,""aprType"":""SINGLE""}",29.282972106779418,"",TimeInterval,2.5660387764996755,1.0181492635693754,1770796800.0,"",0x68e37de8d93d3496ae143f2e900490f6280c57cd,0x0684afed148f368c3e790f6691e25fba5c04ee8eb0b0d373c18f48ea2aaed63b,26985056,999,Morpho,-1,INFO,"",-1,0x68e37dE8d93d3496ae143F2E900490f6280C57cD,morpho_whype_0x0a2e456ebd22ed68ae1d5c6b2de70bc514337ac588a7a4b0e28f546662144036_999,32.50026569821364,1.0181492635693754,2026-02-11T08:00:00.000000+0000,1.0,935.4366874407666,0x68e37dE8d93d3496ae143F2E900490f6280C57cD,Morpho wHYPE 0x0a2e,MorphoMarket
"[{""aprType"":""SINGLE"",""aprMetadata"":""morpho_supply"",""apr"":0.0791}]","{""apr"":0.0791,""aprType"":""SINGLE""}","[{""aprType"":""SINGLE"",""aprMetadata"":""morpho_borrow"",""apr"":-0.5756}]","{""apr"":-0.5756,""aprType"":""SINGLE""}",1.030490293684712,"[{""aprType"":""SINGLE"",""apr"":2.302}]","{""apr"":2.302,""aprType"":""SINGLE""}",30534.10505,"",TimeInterval,0.07913831558792693,1.0266648577937834,1770796800.0,"",0x68e37de8d93d3496ae143f2e900490f6280c57cd,0x0684afed148f368c3e790f6691e25fba5c04ee8eb0b0d373c18f48ea2aaed63b,26985056,999,Morpho,-1,INFO,"",-1,0x68e37dE8d93d3496ae143F2E900490f6280C57cD,morpho_usdhl_0x1f79fe1822f6bfe7a70f8e7e5e768efd0c3f10db52af97c2f14e4b71e3130e70_999,221258.129021,1.0266648577937834,2026-02-11T08:00:00.000000+0000,1.0,221258.129021,0x68e37dE8d93d3496ae143F2E900490f6280C57cD,Morpho USDhl 0x1f79,MorphoMarket
[],"{""apr"":0,""aprType"":""SINGLE""}","[{""aprType"":""SINGLE"",""aprMetadata"":""morpho_borrow"",""apr"":-4.472}]","{""apr"":-4.472,""aprType"":""SINGLE""}",0.0,"[{""aprType"":""SINGLE"",""apr"":2.1709}]","{""apr"":2.1709,""aprType"":""SINGLE""}",0.0,"",TimeInterval,0.0,1.6965446162520452,1770796800.0,"",0x68e37de8d93d3496ae143f2e900490f6280c57cd,0x0684afed148f368c3e790f6691e25fba5c04ee8eb0b0d373c18f48ea2aaed63b,26985056,999,Morpho,-1,INFO,"",-1,0x68e37dE8d93d3496ae143F2E900490f6280C57cD,morpho_usdt0_0x15b44a2a415f02773824b55a2e70c9c6575d201f82528f32fdcc6b74b280e85b_999,3.028644,1.6965446162520452,2026-02-11T08:00:00.000000+0000,1.0,3.028644,0x68e37dE8d93d3496ae143F2E900490f6280C57cD,Morpho USDT0 0x15b4,MorphoMarket
"[{""aprType"":""SINGLE"",""aprMetadata"":""morpho_supply"",""apr"":0.3913}]","{""apr"":0.3913,""aprType"":""SINGLE""}","[{""aprType"":""SINGLE"",""aprMetadata"":""morpho_borrow"",""apr"":-1.35}]","{""apr"":-1.35,""aprType"":""SINGLE""}",1.0897231408909642,[],"{""apr"":0,""aprType"":""SINGLE""}",40130.103997319464,"",TimeInterval,0.3913366847627844,1.077344702507596,1770796800.0,"",0x68e37de8d93d3496ae143f2e900490f6280c57cd,0x0684afed148f368c3e790f6691e25fba5c04ee8eb0b0d373c18f48ea2aaed63b,26985056,999,Morpho,-1,INFO,"",-1,0x68e37dE8d93d3496ae143F2E900490f6280C57cD,morpho_usde_0x5ef35fe4418a6bcfcc70fe32efce30074f22e9a782f81d432c1e537ddbda11e2_999,136861.68992449564,1.077344702507596,2026-02-11T08:00:00.000000+0000,1.0,136657.35952728908,0x68e37dE8d93d3496ae143F2E900490f6280C57cD,Morpho USDe 0x5ef3,MorphoMarket
[],"{""apr"":0,""aprType"":""SINGLE""}","[{""aprType"":""SINGLE"",""aprMetadata"":""morpho_borrow"",""apr"":-0.0315}]","{""apr"":-0.0315,""aprType"":""SINGLE""}",0.0,"[{""aprType"":""SINGLE"",""apr"":2.9032}]","{""apr"":2.9032,""aprType"":""SINGLE""}",0.0,"",TimeInterval,0.0,1.0,1770796800.0,"",0x68e37de8d93d3496ae143f2e900490f6280c57cd,0x0684afed148f368c3e790f6691e25fba5c04ee8eb0b0d373c18f48ea2aaed63b,26985056,999,Morpho,-1,INFO,"",-1,0x68e37dE8d93d3496ae143F2E900490f6280C57cD,morpho_usdt0_0x26670d4660c9db0f5ba61ce1fa7e1908fa3ed7c79765de6ae058497e5b7339de_999,0.001,1.0,2026-02-11T08:00:00.000000+0000,1.0,0.001,0x68e37dE8d93d3496ae143F2E900490f6280C57cD,Morpho USDT0 0x2667,MorphoMarket
"[{""aprType"":""SINGLE"",""aprMetadata"":""morpho_supply"",""apr"":0.5064}]","{""apr"":0.5064,""aprType"":""SINGLE""}","[{""aprType"":""SINGLE"",""aprMetadata"":""morpho_borrow"",""apr"":-23.0039}]","{""apr"":-23.0039,""aprType"":""SINGLE""}",2.152608576918033,[],"{""apr"":0,""aprType"":""SINGLE""}",0.07111500000000001,"",TimeInterval,0.5064418608625444,2.0543486953277057,1770796800.0,"",0x68e37de8d93d3496ae143f2e900490f6280c57cd,0x0684afed148f368c3e790f6691e25fba5c04ee8eb0b0d373c18f48ea2aaed63b,26985056,999,Morpho,-1,INFO,"",-1,0x68e37dE8d93d3496ae143F2E900490f6280C57cD,morpho_usdhl_0x6939b6a766a04439e4b1a948e4142a936be7a42b850dd32ad01d61236582a23c_999,3.082784,2.0543486953277057,2026-02-11T08:00:00.000000+0000,1.0,3.082784,0x68e37dE8d93d3496ae143F2E900490f6280C57cD,Morpho USDhl 0x6939,MorphoMarket
"[{""aprType"":""SINGLE"",""aprMetadata"":""morpho_supply"",""apr"":20.8574}]","{""apr"":20.8574,""aprType"":""SINGLE""}","[{""aprType"":""SINGLE"",""aprMetadata"":""morpho_borrow"",""apr"":-25.2259}]","{""apr"":-25.2259,""aprType"":""SINGLE""}",1.058554881391041,[],"{""apr"":0,""aprType"":""SINGLE""}",1.012669152101902,"",TimeInterval,20.857419533673124,1.0516642453343195,1770796800.0,"",0x68e37de8d93d3496ae143f2e900490f6280c57cd,0x0684afed148f368c3e790f6691e25fba5c04ee8eb0b0d373c18f48ea2aaed63b,26985056,999,Morpho,-1,INFO,"",-1,0x68e37dE8d93d3496ae143F2E900490f6280C57cD,morpho_usde_0x65f2a559764859a559d8c39604cf665942bab7d10dfaa1b82e914c9d351038d4_999,1.2167938029561693,1.0516642453343195,2026-02-11T08:00:00.000000+0000,1.0,1.21497716631217,0x68e37dE8d93d3496ae143F2E900490f6280C57cD,Morpho USDe 0x65f2,MorphoMarket
"[{""aprType"":""SINGLE"",""aprMetadata"":""morpho_supply"",""apr"":4.5422}]","{""apr"":4.5422,""aprType"":""SINGLE""}","[{""aprType"":""SINGLE"",""aprMetadata"":""morpho_borrow"",""apr"":-4.8663}]","{""apr"":-4.8663,""aprType"":""SINGLE""}",1.0547555863881033,[],"{""apr"":0,""aprType"":""SINGLE""}",327883.1286640876,"",TimeInterval,4.542235611394097,1.0473492168165586,1770796800.0,"",0x68e37de8d93d3496ae143f2e900490f6280c57cd,0x0684afed148f368c3e790f6691e25fba5c04ee8eb0b0d373c18f48ea2aaed63b,26985056,999,Morpho,-1,INFO,"",-1,0x68e37dE8d93d3496ae143F2E900490f6280C57cD,morpho_usde_0x5fe3ac84f3a2c4e3102c3e6e9accb1ec90c30f6ee87ab1fcafc197b8addeb94c_999,348811.7480809547,1.0473492168165586,2026-02-11T08:00:00.000000+0000,1.0,348290.9826054223,0x68e37dE8d93d3496ae143F2E900490f6280C57cD,Morpho USDe 0x5fe3,MorphoMarket
"[{""aprType"":""SINGLE"",""aprMetadata"":""morpho_supply"",""apr"":7.0139}]","{""apr"":7.0139,""aprType"":""SINGLE""}","[{""aprType"":""SINGLE"",""aprMetadata"":""morpho_borrow"",""apr"":-8.7797}]","{""apr"":-8.7797,""aprType"":""SINGLE""}",1.0466343417619761,"[{""aprType"":""SINGLE"",""apr"":3.135}]","{""apr"":3.135,""aprType"":""SINGLE""}",4146.676562766075,"",TimeInterval,7.0139366807503185,1.040779116115681,1770796800.0,"",0x68e37de8d93d3496ae143f2e900490f6280c57cd,0x0684afed148f368c3e790f6691e25fba5c04ee8eb0b0d373c18f48ea2aaed63b,26985056,999,Morpho,-1,INFO,"",-1,0x68e37dE8d93d3496ae143F2E900490f6280C57cD,morpho_whype_0x19e47d37453628ebf0fd18766ce6fee1b08ea46752a5da83ca0bfecb270d07e8_999,5161.578788007911,1.040779116115681,2026-02-11T08:00:00.000000+0000,1.0,148562.79047848008,0x68e37dE8d93d3496ae143F2E900490f6280C57cD,Morpho wHYPE 0x19e4,MorphoMarket
[],"{""apr"":0,""aprType"":""SINGLE""}",[],"{""apr"":0,""aprType"":""SINGLE""}",0.0,[],"{""apr"":0,""aprType"":""SINGLE""}",0.0,"",TimeInterval,0.0,1.0,1770796800.0,"",0x68e37de8d93d3496ae143f2e900490f6280c57cd,0x0684afed148f368c3e790f6691e25fba5c04ee8eb0b0d373c18f48ea2aaed63b,26985056,999,Morpho,-1,INFO,"",-1,0x68e37dE8d93d3496ae143F2E900490f6280C57cD,morpho_usdc_0x725d0f4c005c0a521ea5005bb4730845ff0d4cc76b40a618103b103cddd1f951_999,2.199002,1.0,2026-02-11T08:00:00.000000+0000,1.0,2.199002,0x68e37dE8d93d3496ae143F2E900490f6280C57cD,Morpho USDC 0x725d,MorphoMarket
"[{""aprType"":""SINGLE"",""aprMetadata"":""morpho_supply"",""apr"":52.1298}]","{""apr"":52.1298,""aprType"":""SINGLE""}","[{""aprType"":""SINGLE"",""aprMetadata"":""morpho_borrow"",""apr"":-61.4393}]","{""apr"":-61.4393,""aprType"":""SINGLE""}",1.091029295548121,"[{""aprType"":""SINGLE"",""apr"":2.302}]","{""apr"":2.302,""aprType"":""SINGLE""}",119853.885354,"",TimeInterval,52.12983759330427,1.0801870324370915,1770796800.0,"",0x68e37de8d93d3496ae143f2e900490f6280c57cd,0x0684afed148f368c3e790f6691e25fba5c04ee8eb0b0d373c18f48ea2aaed63b,26985056,999,Morpho,-1,INFO,"",-1,0x68e37dE8d93d3496ae143F2E900490f6280C57cD,morpho_usdt0_0x31aaa663d718e83ea15326ec110c4bcf5e123585d0b6c4d0ad61a50c4aa65b1e_999,139853.868229,1.0801870324370915,2026-02-11T08:00:00.000000+0000,1.0,139853.868229,0x68e37dE8d93d3496ae143F2E900490f6280C57cD,Morpho USDT0 0x31aa,MorphoMarket
"[{""aprType"":""SINGLE"",""aprMetadata"":""morpho_supply"",""apr"":4.9918}]","{""apr"":4.9918,""aprType"":""SINGLE""}","[{""aprType"":""SINGLE"",""aprMetadata"":""morpho_borrow"",""apr"":-5.8343}]","{""apr"":-5.8343,""aprType"":""SINGLE""}",1.0343803760794994,[],"{""apr"":0,""aprType"":""SINGLE""}",265809.842697,"",TimeInterval,4.99182517679045,1.0298900519191314,1770796800.0,"",0x68e37de8d93d3496ae143f2e900490f6280c57cd,0x0684afed148f368c3e790f6691e25fba5c04ee8eb0b0d373c18f48ea2aaed63b,26985056,999,Morpho,-1,INFO,"",-1,0x68e37dE8d93d3496ae143F2E900490f6280C57cD,morpho_usdt0_0x6eb4ce92dc1d89abd40f9634249ec28e8ab4e3f9bef0ab47ea784773c140d4ef_999,309319.593877,1.0298900519191314,2026-02-11T08:00:00.000000+0000,1.0,309319.593877,0x68e37dE8d93d3496ae143F2E900490f6280C57cD,Morpho USDT0 0x6eb4,MorphoMarket
"[{""aprType"":""SINGLE"",""aprMetadata"":""morpho_supply"",""apr"":6.0502}]","{""apr"":6.0502,""aprType"":""SINGLE""}","[{""aprType"":""SINGLE"",""aprMetadata"":""morpho_borrow"",""apr"":-6.6659}]","{""apr"":-6.6659,""aprType"":""SINGLE""}",1.0694039439887142,[],"{""apr"":0,""aprType"":""SINGLE""}",1493821.730038,"",TimeInterval,6.050155002409998,1.059881533595309,1770796800.0,"",0x68e37de8d93d3496ae143f2e900490f6280c57cd,0x0684afed148f368c3e790f6691e25fba5c04ee8eb0b0d373c18f48ea2aaed63b,26985056,999,Morpho,-1,INFO,"",-1,0x68e37dE8d93d3496ae143F2E900490f6280C57cD,morpho_usdt0_0x707dddc200e95dc984feb185abf1321cabec8486dca5a9a96fb5202184106e54_999,1631209.406767,1.059881533595309,2026-02-11T08:00:00.000000+0000,1.0,1631209.406767,0x68e37dE8d93d3496ae143F2E900490f6280C57cD,Morpho USDT0 0x707d,MorphoMarket
[],"{""apr"":0,""aprType"":""SINGLE""}",[],"{""apr"":0,""aprType"":""SINGLE""}",0.0,[],"{""apr"":0,""aprType"":""SINGLE""}",0.0,"",TimeInterval,0.0,0.0,1770796800.0,"",0x68e37de8d93d3496ae143f2e900490f6280c57cd,0x0684afed148f368c3e790f6691e25fba5c04ee8eb0b0d373c18f48ea2aaed63b,26985056,999,Morpho,-1,INFO,"",-1,0x68e37dE8d93d3496ae143F2E900490f6280C57cD,morpho_usdt0_0x7fb61fd873e5ef54b401726a973dc0222f4ba206b7b04df05009944d53851f31_999,0.0,0.0,2026-02-11T08:00:00.000000+0000,1.0,0.0,0x68e37dE8d93d3496ae143F2E900490f6280C57cD,Morpho USDT0 0x7fb6,MorphoMarket
"[{""aprType"":""SINGLE"",""aprMetadata"":""morpho_supply"",""apr"":6090.7523}]","{""apr"":6090.7523,""aprType"":""SINGLE""}","[{""aprType"":""SINGLE"",""aprMetadata"":""morpho_borrow"",""apr"":-6091.0193}]","{""apr"":-6091.0193,""aprType"":""SINGLE""}",18.158751588296425,[],"{""apr"":0,""aprType"":""SINGLE""}",0.013214828559608583,"",TimeInterval,6090.75233059257,18.15795564002217,1770796800.0,"",0x68e37de8d93d3496ae143f2e900490f6280c57cd,0x0684afed148f368c3e790f6691e25fba5c04ee8eb0b0d373c18f48ea2aaed63b,26985056,999,Morpho,-1,INFO,"",-1,0x68e37dE8d93d3496ae143F2E900490f6280C57cD,morpho_usde_0x81726bee59db4f284158e6d8dbf6722c7a4b24719021f9d992f57482393d2c6c_999,0.01321482855962674,18.15795564002217,2026-02-11T08:00:00.000000+0000,1.0,0.013195099217032076,0x68e37dE8d93d3496ae143F2E900490f6280C57cD,Morpho USDe 0x8172,MorphoMarket
[],"{""apr"":0,""aprType"":""SINGLE""}","[{""aprType"":""SINGLE"",""aprMetadata"":""morpho_borrow"",""apr"":-0.025}]","{""apr"":-0.025,""aprType"":""SINGLE""}",0.0,"[{""aprType"":""SINGLE"",""apr"":2.1709}]","{""apr"":2.1709,""aprType"":""SINGLE""}",0.0,"",TimeInterval,0.0,1.0,1770796800.0,"",0x68e37de8d93d3496ae143f2e900490f6280c57cd,0x0684afed148f368c3e790f6691e25fba5c04ee8eb0b0d373c18f48ea2aaed63b,26985056,999,Morpho,-1,INFO,"",-1,0x68e37dE8d93d3496ae143F2E900490f6280C57cD,morpho_whype_0x5031ac4543f8232df889e5eb24389f8cf9520366f21dc62240017cb3bc6ecc59_999,1e-15,1.0,2026-02-11T08:00:00.000000+0000,1.0,2.8782432e-14,0x68e37dE8d93d3496ae143F2E900490f6280C57cD,Morpho wHYPE 0x5031,MorphoMarket
[],"{""apr"":0,""aprType"":""SINGLE""}",[],"{""apr"":0,""aprType"":""SINGLE""}",0.0,[],"{""apr"":0,""aprType"":""SINGLE""}",0.0,"",TimeInterval,0.0,0.0,1770796800.0,"",0x68e37de8d93d3496ae143f2e900490f6280c57cd,0x0684afed148f368c3e790f6691e25fba5c04ee8eb0b0d373c18f48ea2aaed63b,26985056,999,Morpho,-1,INFO,"",-1,0x68e37dE8d93d3496ae143F2E900490f6280C57cD,morpho_usdt0_0x11e9e354e996b7603231041307cada35d4024539917175267b512dae3a355bce_999,0.0,0.0,2026-02-11T08:00:00.000000+0000,1.0,0.0,0x68e37dE8d93d3496ae143F2E900490f6280C57cD,Morpho USDT0 0x11e9,MorphoMarket
[],"{""apr"":0,""aprType"":""SINGLE""}",[],"{""apr"":0,""aprType"":""SINGLE""}",0.0,[],"{""apr"":0,""aprType"":""SINGLE""}",0.0,"",TimeInterval,0.0,0.0,1770796800.0,"",0x68e37de8d93d3496ae143f2e900490f6280c57cd,0x0684afed148f368c3e790f6691e25fba5c04ee8eb0b0d373c18f48ea2aaed63b,26985056,999,Morpho,-1,INFO,"",-1,0x68e37dE8d93d3496ae143F2E900490f6280C57cD,morpho_usde_0x81bb58f5e951b392dbabc67ae8a89b4945e2f029abc69373f61c17c72e8317ff_999,0.0,0.0,2026-02-11T08:00:00.000000+0000,1.0,0.0,0x68e37dE8d93d3496ae143F2E900490f6280C57cD,Morpho USDe 0x81bb,MorphoMarket
"[{""aprType"":""SINGLE"",""aprMetadata"":""morpho_supply"",""apr"":5.0393}]","{""apr"":5.0393,""aprType"":""SINGLE""}","[{""aprType"":""SINGLE"",""aprMetadata"":""morpho_borrow"",""apr"":-5.7964}]","{""apr"":-5.7964,""aprType"":""SINGLE""}",1.0577655819034462,"[{""aprType"":""SINGLE"",""apr"":22.2287}]","{""apr"":22.2287,""aprType"":""SINGLE""}",71701.089507,"",TimeInterval,5.039263726601662,1.0498304805573813,1770796800.0,"",0x68e37de8d93d3496ae143f2e900490f6280c57cd,0x0684afed148f368c3e790f6691e25fba5c04ee8eb0b0d373c18f48ea2aaed63b,26985056,999,Morpho,-1,INFO,"",-1,0x68e37dE8d93d3496ae143F2E900490f6280C57cD,morpho_usdt0_0x86d7bc359391486de8cd1204da45c53d6ada60ab9764450dc691e1775b2e8d69_999,81854.593643,1.0498304805573813,2026-02-11T08:00:00.000000+0000,1.0,81854.593643,0x68e37dE8d93d3496ae143F2E900490f6280C57cD,Morpho USDT0 0x86d7,MorphoMarket
[],"{""apr"":0,""aprType"":""SINGLE""}",[],"{""apr"":0,""aprType"":""SINGLE""}",0.0,"[{""aprType"":""SINGLE"",""apr"":2.302}]","{""apr"":2.302,""aprType"":""SINGLE""}",0.0,"",TimeInterval,0.0,0.0,1770796800.0,"",0x68e37de8d93d3496ae143f2e900490f6280c57cd,0x0684afed148f368c3e790f6691e25fba5c04ee8eb0b0d373c18f48ea2aaed63b,26985056,999,Morpho,-1,INFO,"",-1,0x68e37dE8d93d3496ae143F2E900490f6280C57cD,morpho_usdhl_0x4aaf4571ee9f273fc90db968e1c7b12e9478723554b2535dc8dd9f4ff4a03d6c_999,0.0,0.0,2026-02-11T08:00:00.000000+0000,1.0,0.0,0x68e37dE8d93d3496ae143F2E900490f6280C57cD,Morpho USDhl 0x4aaf,MorphoMarket
"[{""aprType"":""SINGLE"",""aprMetadata"":""morpho_supply"",""apr"":0.0032}]","{""apr"":0.0032,""aprType"":""SINGLE""}","[{""aprType"":""SINGLE"",""aprMetadata"":""morpho_borrow"",""apr"":-0.0331}]","{""apr"":-0.0331,""aprType"":""SINGLE""}",1.0413154893408798,[],"{""apr"":0,""aprType"":""SINGLE""}",464.278891,"",TimeInterval,0.0031870887004606927,1.0360681708781374,1770796800.0,"",0x68e37de8d93d3496ae143f2e900490f6280c57cd,0x0684afed148f368c3e790f6691e25fba5c04ee8eb0b0d373c18f48ea2aaed63b,26985056,999,Morpho,-1,INFO,"",-1,0x68e37dE8d93d3496ae143F2E900490f6280C57cD,morpho_usdt0_0x888679b2af61343a4c7c0da0639fc5ca5fc5727e246371c4425e4d634c09e1f6_999,4794.0453,1.0360681708781374,2026-02-11T08:00:00.000000+0000,1.0,4794.0453,0x68e37dE8d93d3496ae143F2E900490f6280C57cD,Morpho USDT0 0x8886,MorphoMarket
"[{""aprType"":""SINGLE"",""aprMetadata"":""morpho_supply"",""apr"":1.8525}]","{""apr"":1.8525,""aprType"":""SINGLE""}","[{""aprType"":""SINGLE"",""aprMetadata"":""morpho_borrow"",""apr"":-20.2813}]","{""apr"":-20.2813,""aprType"":""SINGLE""}",1.0011395806617387,[],"{""apr"":0,""aprType"":""SINGLE""}",0.10058700000000001,"",TimeInterval,1.8524625350448745,1.0011318181818183,1770796800.0,"",0x68e37de8d93d3496ae143f2e900490f6280c57cd,0x0684afed148f368c3e790f6691e25fba5c04ee8eb0b0d373c18f48ea2aaed63b,26985056,999,Morpho,-1,INFO,"",-1,0x68e37dE8d93d3496ae143F2E900490f6280C57cD,morpho_usdc_0x7a212e2a5e122fa58ab55faebb1c14f980bfd38305433f8ea2668a0089d25d00_999,1.101245,1.0011318181818183,2026-02-11T08:00:00.000000+0000,1.0,1.101245,0x68e37dE8d93d3496ae143F2E900490f6280C57cD,Morpho USDC 0x7a21,MorphoMarket
"[{""aprType"":""SINGLE"",""aprMetadata"":""morpho_supply"",""apr"":12.4546}]","{""apr"":12.4546,""aprType"":""SINGLE""}","[{""aprType"":""SINGLE"",""aprMetadata"":""morpho_borrow"",""apr"":-15.8704}]","{""apr"":-15.8704,""aprType"":""SINGLE""}",1.0991643982896564,[],"{""apr"":0,""aprType"":""SINGLE""}",20185.630644,"",TimeInterval,12.454640436213415,1.0862938312095016,1770796800.0,"",0x68e37de8d93d3496ae143f2e900490f6280c57cd,0x0684afed148f368c3e790f6691e25fba5c04ee8eb0b0d373c18f48ea2aaed63b,26985056,999,Morpho,-1,INFO,"",-1,0x68e37dE8d93d3496ae143F2E900490f6280C57cD,morpho_usdt0_0x2acd218c67daa94dd2f92e81f477ffc9f8507319f0f2d698eae5ed631ae14039_999,25420.549188,1.0862938312095016,2026-02-11T08:00:00.000000+0000,1.0,25420.549188,0x68e37dE8d93d3496ae143F2E900490f6280C57cD,Morpho USDT0 0x2acd,MorphoMarket
[],"{""apr"":0,""aprType"":""SINGLE""}","[{""aprType"":""SINGLE"",""aprMetadata"":""morpho_borrow"",""apr"":-0.025}]","{""apr"":-0.025,""aprType"":""SINGLE""}",0.0,[],"{""apr"":0,""aprType"":""SINGLE""}",0.0,"",TimeInterval,0.0,1.3193169579472637,1770796800.0,"",0x68e37de8d93d3496ae143f2e900490f6280c57cd,0x0684afed148f368c3e790f6691e25fba5c04ee8eb0b0d373c18f48ea2aaed63b,26985056,999,Morpho,-1,INFO,"",-1,0x68e37dE8d93d3496ae143F2E900490f6280C57cD,morpho_usdt0_0x89fffba6e66db52690eed7aebe95d225388bd5c3c66950f759150e14d550cd86_999,0.00132,1.3193169579472637,2026-02-11T08:00:00.000000+0000,1.0,0.00132,0x68e37dE8d93d3496ae143F2E900490f6280C57cD,Morpho USDT0 0x89ff,MorphoMarket
[],"{""apr"":0,""aprType"":""SINGLE""}",[],"{""apr"":0,""aprType"":""SINGLE""}",0.0,[],"{""apr"":0,""aprType"":""SINGLE""}",0.0,"",TimeInterval,0.0,0.0,1770796800.0,"",0x68e37de8d93d3496ae143f2e900490f6280c57cd,0x0684afed148f368c3e790f6691e25fba5c04ee8eb0b0d373c18f48ea2aaed63b,26985056,999,Morpho,-1,INFO,"",-1,0x68e37dE8d93d3496ae143F2E900490f6280C57cD,morpho_usdc_0x8b925440549204d296d1cc8e490753d7ac526727676d48098c8023cdd3282b62_999,0.0,0.0,2026-02-11T08:00:00.000000+0000,1.0,0.0,0x68e37dE8d93d3496ae143F2E900490f6280C57cD,Morpho USDC 0x8b92,MorphoMarket
"[{""aprType"":""SINGLE"",""aprMetadata"":""morpho_supply"",""apr"":25.9848}]","{""apr"":25.9848,""aprType"":""SINGLE""}","[{""aprType"":""SINGLE"",""aprMetadata"":""morpho_borrow"",""apr"":-30.583}]","{""apr"":-30.583,""aprType"":""SINGLE""}",1.0876680783373434,"[{""aprType"":""SINGLE"",""apr"":22.5065}]","{""apr"":22.5065,""aprType"":""SINGLE""}",25693.801439,"",TimeInterval,25.984828596036902,1.0794230588131861,1770796800.0,"",0x68e37de8d93d3496ae143f2e900490f6280c57cd,0x0684afed148f368c3e790f6691e25fba5c04ee8eb0b0d373c18f48ea2aaed63b,26985056,999,Morpho,-1,INFO,"",-1,0x68e37dE8d93d3496ae143F2E900490f6280C57cD,morpho_usdhl_0x920244a8682a53b17fe15597b63abdaa3aecec44e070379c5e43897fb9f42a2b_999,30011.196984,1.0794230588131861,2026-02-11T08:00:00.000000+0000,1.0,30011.196984,0x68e37dE8d93d3496ae143F2E900490f6280C57cD,Morpho USDhl 0x9202,MorphoMarket
"[{""aprType"":""SINGLE"",""aprMetadata"":""morpho_supply"",""apr"":1.1848}]","{""apr"":1.1848,""aprType"":""SINGLE""}","[{""aprType"":""SINGLE"",""aprMetadata"":""morpho_borrow"",""apr"":-1.3168}]","{""apr"":-1.3168,""aprType"":""SINGLE""}",1.0247957837602315,"[{""aprType"":""SINGLE"",""apr"":2.1709}]","{""apr"":2.1709,""aprType"":""SINGLE""}",934941.5284980874,"",TimeInterval,1.18481355833572,1.0210067003878052,1770796800.0,"",0x68e37de8d93d3496ae143f2e900490f6280c57cd,0x0684afed148f368c3e790f6691e25fba5c04ee8eb0b0d373c18f48ea2aaed63b,26985056,999,Morpho,-1,INFO,"",-1,0x68e37dE8d93d3496ae143F2E900490f6280C57cD,morpho_whype_0x64e7db7f042812d4335947a7cdf6af1093d29478aff5f1ccd93cc67f8aadfddc_999,1035250.3013357101,1.0210067003878052,2026-02-11T08:00:00.000000+0000,1.0,29797021.401174586,0x68e37dE8d93d3496ae143F2E900490f6280C57cD,Morpho wHYPE 0x64e7,MorphoMarket
"[{""aprType"":""SINGLE"",""aprMetadata"":""morpho_supply"",""apr"":2.229}]","{""apr"":2.229,""aprType"":""SINGLE""}","[{""aprType"":""SINGLE"",""aprMetadata"":""morpho_borrow"",""apr"":-7.9739}]","{""apr"":-7.9739,""aprType"":""SINGLE""}",1.0191000696911796,[],"{""apr"":0,""aprType"":""SINGLE""}",15765.036123218932,"",TimeInterval,2.2289786719510714,1.017711160642996,1770796800.0,"",0x68e37de8d93d3496ae143f2e900490f6280c57cd,0x0684afed148f368c3e790f6691e25fba5c04ee8eb0b0d373c18f48ea2aaed63b,26985056,999,Morpho,-1,INFO,"",-1,0x68e37dE8d93d3496ae143F2E900490f6280C57cD,morpho_whype_0x0e5172eeb1bbf076fccc101f4a47e6f2db42eb7c39e44bd015c64b5e63e3da3d_999,56320.79568684478,1.017711160642996,2026-02-11T08:00:00.000000+0000,1.0,1621049.472042503,0x68e37dE8d93d3496ae143F2E900490f6280C57cD,Morpho wHYPE 0x0e51,MorphoMarket
[],"{""apr"":0,""aprType"":""SINGLE""}","[{""aprType"":""SINGLE"",""aprMetadata"":""morpho_borrow"",""apr"":-0.0334}]","{""apr"":-0.0334,""aprType"":""SINGLE""}",0.0,[],"{""apr"":0,""aprType"":""SINGLE""}",0.0,"",TimeInterval,0.0,1.4104097858169293,1770796800.0,"",0x68e37de8d93d3496ae143f2e900490f6280c57cd,0x0684afed148f368c3e790f6691e25fba5c04ee8eb0b0d373c18f48ea2aaed63b,26985056,999,Morpho,-1,INFO,"",-1,0x68e37dE8d93d3496ae143F2E900490f6280C57cD,morpho_usdc_0x9493533ee22f653250720b702c5a695cf71bbe8e75ef8f2d7c4112917b8f2d85_999,0.0014110000000000001,1.4104097858169293,2026-02-11T08:00:00.000000+0000,1.0,0.0014110000000000001,0x68e37dE8d93d3496ae143F2E900490f6280C57cD,Morpho USDC 0x9493,MorphoMarket
"[{""aprType"":""SINGLE"",""aprMetadata"":""morpho_supply"",""apr"":14.5365}]","{""apr"":14.5365,""aprType"":""SINGLE""}","[{""aprType"":""SINGLE"",""aprMetadata"":""morpho_borrow"",""apr"":-16.0573}]","{""apr"":-16.0573,""aprType"":""SINGLE""}",1.0731168905007142,[],"{""apr"":0,""aprType"":""SINGLE""}",231200.826254,"",TimeInterval,14.536498206214915,1.063949803469465,1770796800.0,"",0x68e37de8d93d3496ae143f2e900490f6280c57cd,0x0684afed148f368c3e790f6691e25fba5c04ee8eb0b0d373c18f48ea2aaed63b,26985056,999,Morpho,-1,INFO,"",-1,0x68e37dE8d93d3496ae143F2E900490f6280C57cD,morpho_usdhl_0x87272614b7a2022c31ddd7bba8eb21d5ab40a6bcbea671264d59dc732053721d_999,253207.343037,1.063949803469465,2026-02-11T08:00:00.000000+0000,1.0,253207.343037,0x68e37dE8d93d3496ae143F2E900490f6280C57cD,Morpho USDhl 0x8727,MorphoMarket
"[{""aprType"":""SINGLE"",""aprMetadata"":""morpho_supply"",""apr"":16.3774}]","{""apr"":16.3774,""aprType"":""SINGLE""}","[{""aprType"":""SINGLE"",""aprMetadata"":""morpho_borrow"",""apr"":-17.5815}]","{""apr"":-17.5815,""aprType"":""SINGLE""}",1.0805895201649325,[],"{""apr"":0,""aprType"":""SINGLE""}",147301.485773,"",TimeInterval,16.377433819913815,1.0708365186843576,1770796800.0,"",0x68e37de8d93d3496ae143f2e900490f6280c57cd,0x0684afed148f368c3e790f6691e25fba5c04ee8eb0b0d373c18f48ea2aaed63b,26985056,999,Morpho,-1,INFO,"",-1,0x68e37dE8d93d3496ae143F2E900490f6280C57cD,morpho_usdhl_0x96c7abf76aed53d50b2cc84e2ed17846e0d1c4cc28236d95b6eb3b12dcc86909_999,156703.695894,1.0708365186843576,2026-02-11T08:00:00.000000+0000,1.0,156703.695894,0x68e37dE8d93d3496ae143F2E900490f6280C57cD,Morpho USDhl 0x96c7,MorphoMarket
[],"{""apr"":0,""aprType"":""SINGLE""}",[],"{""apr"":0,""aprType"":""SINGLE""}",0.0,[],"{""apr"":0,""aprType"":""SINGLE""}",0.0,"",TimeInterval,0.0,1.0,1770796800.0,"",0x68e37de8d93d3496ae143f2e900490f6280c57cd,0x0684afed148f368c3e790f6691e25fba5c04ee8eb0b0d373c18f48ea2aaed63b,26985056,999,Morpho,-1,INFO,"",-1,0x68e37dE8d93d3496ae143F2E900490f6280C57cD,morpho_whype_0x9e28003bb5c29c1df3552e99b04d656fadf1aedaf81256637dcc51d91cf6c639_999,6.271001780685207,1.0,2026-02-11T08:00:00.000000+0000,1.0,180.49468232445088,0x68e37dE8d93d3496ae143F2E900490f6280C57cD,Morpho wHYPE 0x9e28,MorphoMarket
[],"{""apr"":0,""aprType"":""SINGLE""}","[{""aprType"":""SINGLE"",""aprMetadata"":""morpho_borrow"",""apr"":-0.025}]","{""apr"":-0.025,""aprType"":""SINGLE""}",0.0,"[{""aprType"":""SINGLE"",""apr"":2.1709}]","{""apr"":2.1709,""aprType"":""SINGLE""}",0.0,"",TimeInterval,0.0,1.0000000000117346,1770796800.0,"",0x68e37de8d93d3496ae143f2e900490f6280c57cd,0x0684afed148f368c3e790f6691e25fba5c04ee8eb0b0d373c18f48ea2aaed63b,26985056,999,Morpho,-1,INFO,"",-1,0x68e37dE8d93d3496ae143F2E900490f6280C57cD,morpho_usde_0x673846b55f3165b74c6ad4e942cf40b0664229af5d9c6122667b518b2540c526_999,0.006200000058671778,1.0000000000117346,2026-02-11T08:00:00.000000+0000,1.0,0.006190743644584183,0x68e37dE8d93d3496ae143F2E900490f6280C57cD,Morpho USDe 0x6738,MorphoMarket
"[{""aprType"":""SINGLE"",""aprMetadata"":""morpho_supply"",""apr"":0.1519}]","{""apr"":0.1519,""aprType"":""SINGLE""}","[{""aprType"":""SINGLE"",""aprMetadata"":""morpho_borrow"",""apr"":-3495.7002}]","{""apr"":-3495.7002,""aprType"":""SINGLE""}",1.9307806849665141,[],"{""apr"":0,""aprType"":""SINGLE""}",0.00008400000000000001,"",TimeInterval,0.1519310161886692,1.8574255744255743,1770796800.0,"",0x68e37de8d93d3496ae143f2e900490f6280c57cd,0x0684afed148f368c3e790f6691e25fba5c04ee8eb0b0d373c18f48ea2aaed63b,26985056,999,Morpho,-1,INFO,"",-1,0x68e37dE8d93d3496ae143F2E900490f6280C57cD,morpho_usdt0_0x2af19c98af7e3b46c4e5249469e22bf12af05e795e915043130b5eb3bfb3e218_999,1.859283,1.8574255744255743,2026-02-11T08:00:00.000000+0000,1.0,1.859283,0x68e37dE8d93d3496ae143F2E900490f6280C57cD,Morpho USDT0 0x2af1,MorphoMarket
[],"{""apr"":0,""aprType"":""SINGLE""}",[],"{""apr"":0,""aprType"":""SINGLE""}",0.0,"[{""aprType"":""SINGLE"",""apr"":1.6754}]","{""apr"":1.6754,""aprType"":""SINGLE""}",0.0,"",TimeInterval,0.0,0.0,1770796800.0,"",0x68e37de8d93d3496ae143f2e900490f6280c57cd,0x0684afed148f368c3e790f6691e25fba5c04ee8eb0b0d373c18f48ea2aaed63b,26985056,999,Morpho,-1,INFO,"",-1,0x68e37dE8d93d3496ae143F2E900490f6280C57cD,morpho_whype_0x77b1ced0cac7d6eb3a55cd852ac99047329560333f5b14b3bfd555acfca64e80_999,0.0,0.0,2026-02-11T08:00:00.000000+0000,1.0,0.0,0x68e37dE8d93d3496ae143F2E900490f6280C57cD,Morpho wHYPE 0x77b1,MorphoMarket
"[{""aprType"":""SINGLE"",""aprMetadata"":""morpho_supply"",""apr"":6.0577}]","{""apr"":6.0577,""aprType"":""SINGLE""}","[{""aprType"":""SINGLE"",""aprMetadata"":""morpho_borrow"",""apr"":-6.686}]","{""apr"":-6.686,""aprType"":""SINGLE""}",1.053732968744517,"[{""aprType"":""SINGLE"",""apr"":2.1709}]","{""apr"":2.1709,""aprType"":""SINGLE""}",6962543.779684,"",TimeInterval,6.057731007949461,1.0467223133987766,1770796800.0,"",0x68e37de8d93d3496ae143f2e900490f6280c57cd,0x0684afed148f368c3e790f6691e25fba5c04ee8eb0b0d373c18f48ea2aaed63b,26985056,999,Morpho,-1,INFO,"",-1,0x68e37dE8d93d3496ae143F2E900490f6280C57cD,morpho_usdt0_0x78f6b57d825ef01a5dc496ad1f426a6375c685047d07a30cd07ac5107ffc7976_999,7633513.284859,1.0467223133987766,2026-02-11T08:00:00.000000+0000,1.0,7633513.284859,0x68e37dE8d93d3496ae143F2E900490f6280C57cD,Morpho USDT0 0x78f6,MorphoMarket
"[{""aprType"":""SINGLE"",""aprMetadata"":""morpho_supply"",""apr"":0.0869}]","{""apr"":0.0869,""aprType"":""SINGLE""}","[{""aprType"":""SINGLE"",""aprMetadata"":""morpho_borrow"",""apr"":-0.1376}]","{""apr"":-0.1376,""aprType"":""SINGLE""}",1.0031897236986813,[],"{""apr"":0,""aprType"":""SINGLE""}",369924.233481,"",TimeInterval,0.08691276522560556,1.002610808546267,1770796800.0,"",0x68e37de8d93d3496ae143f2e900490f6280c57cd,0x0684afed148f368c3e790f6691e25fba5c04ee8eb0b0d373c18f48ea2aaed63b,26985056,999,Morpho,-1,INFO,"",-1,0x68e37dE8d93d3496ae143F2E900490f6280C57cD,morpho_usdt0_0xa405d10deb61400d6caecf06f07f395759ad813b83e33c262c9eb48645526f5d_999,585113.495576,1.002610808546267,2026-02-11T08:00:00.000000+0000,1.0,585113.495576,0x68e37dE8d93d3496ae143F2E900490f6280C57cD,Morpho USDT0 0xa405,MorphoMarket
"[{""aprType"":""SINGLE"",""aprMetadata"":""morpho_supply"",""apr"":0.3818}]","{""apr"":0.3818,""aprType"":""SINGLE""}","[{""aprType"":""SINGLE"",""aprMetadata"":""morpho_borrow"",""apr"":-1.3406}]","{""apr"":-1.3406,""aprType"":""SINGLE""}",1.0890152711341672,[],"{""apr"":0,""aprType"":""SINGLE""}",5222.856444807291,"",TimeInterval,0.38180475519271667,1.0770771762967104,1770796800.0,"",0x68e37de8d93d3496ae143f2e900490f6280c57cd,0x0684afed148f368c3e790f6691e25fba5c04ee8eb0b0d373c18f48ea2aaed63b,26985056,999,Morpho,-1,INFO,"",-1,0x68e37dE8d93d3496ae143F2E900490f6280C57cD,morpho_usde_0x964e7d1db11bdf32262c71274c297dcdb4710d73acb814f04fdca8b0c7cdf028_999,18138.076828147372,1.0770771762967104,2026-02-11T08:00:00.000000+0000,1.0,18110.997223585255,0x68e37dE8d93d3496ae143F2E900490f6280C57cD,Morpho USDe 0x964e,MorphoMarket
[],"{""apr"":0,""aprType"":""SINGLE""}",[],"{""apr"":0,""aprType"":""SINGLE""}",0.0,"[{""aprType"":""SINGLE"",""apr"":2.86}]","{""apr"":2.86,""aprType"":""SINGLE""}",0.0,"",TimeInterval,0.0,0.0,1770796800.0,"",0x68e37de8d93d3496ae143f2e900490f6280c57cd,0x0684afed148f368c3e790f6691e25fba5c04ee8eb0b0d373c18f48ea2aaed63b,26985056,999,Morpho,-1,INFO,"",-1,0x68e37dE8d93d3496ae143F2E900490f6280C57cD,morpho_usdt0_0x1cb432b182df88c14d947427ff4ceb08d65ccd94be84831318e6be2eaf2ccde1_999,0.0,0.0,2026-02-11T08:00:00.000000+0000,1.0,0.0,0x68e37dE8d93d3496ae143F2E900490f6280C57cD,Morpho USDT0 0x1cb4,MorphoMarket
[],"{""apr"":0,""aprType"":""SINGLE""}","[{""aprType"":""SINGLE"",""aprMetadata"":""morpho_borrow"",""apr"":-0.025}]","{""apr"":-0.025,""aprType"":""SINGLE""}",0.0,"[{""aprType"":""SINGLE"",""apr"":2.302}]","{""apr"":2.302,""aprType"":""SINGLE""}",0.0,"",TimeInterval,0.0,1.0,1770796800.0,"",0x68e37de8d93d3496ae143f2e900490f6280c57cd,0x0684afed148f368c3e790f6691e25fba5c04ee8eb0b0d373c18f48ea2aaed63b,26985056,999,Morpho,-1,INFO,"",-1,0x68e37dE8d93d3496ae143F2E900490f6280C57cD,morpho_usde_0x81d514d95d62d1394a3a5305eb3838ae487343b52cda5fb4388fa821b5fff4ec_999,0.008400000000001,1.0,2026-02-11T08:00:00.000000+0000,1.0,0.008387459052000999,0x68e37dE8d93d3496ae143F2E900490f6280C57cD,Morpho USDe 0x81d5,MorphoMarket
[],"{""apr"":0,""aprType"":""SINGLE""}",[],"{""apr"":0,""aprType"":""SINGLE""}",0.0,[],"{""apr"":0,""aprType"":""SINGLE""}",0.0,"",TimeInterval,0.0,1.0,1770796800.0,"",0x68e37de8d93d3496ae143f2e900490f6280c57cd,0x0684afed148f368c3e790f6691e25fba5c04ee8eb0b0d373c18f48ea2aaed63b,26985056,999,Morpho,-1,INFO,"",-1,0x68e37dE8d93d3496ae143F2E900490f6280C57cD,morpho_usdhl_0xa666cc1147beda1aa50fae4b40cb4c37a51230e84e80dcd31233487060913a8d_999,0.53,1.0,2026-02-11T08:00:00.000000+0000,1.0,0.53,0x68e37dE8d93d3496ae143F2E900490f6280C57cD,Morpho USDhl 0xa666,MorphoMarket
[],"{""apr"":0,""aprType"":""SINGLE""}",[],"{""apr"":0,""aprType"":""SINGLE""}",0.0,"[{""aprType"":""SINGLE"",""apr"":22.5065}]","{""apr"":22.5065,""aprType"":""SINGLE""}",0.0,"",TimeInterval,0.0,0.0,1770796800.0,"",0x68e37de8d93d3496ae143f2e900490f6280c57cd,0x0684afed148f368c3e790f6691e25fba5c04ee8eb0b0d373c18f48ea2aaed63b,26985056,999,Morpho,-1,INFO,"",-1,0x68e37dE8d93d3496ae143F2E900490f6280C57cD,morpho_usdhl_0xa7f91874e6c7370e7f4a863dcef2d3b98c91d0bb296f13dd774e892b58e4d66a_999,0.0,0.0,2026-02-11T08:00:00.000000+0000,1.0,0.0,0x68e37dE8d93d3496ae143F2E900490f6280C57cD,Morpho USDhl 0xa7f9,MorphoMarket
"[{""aprType"":""SINGLE"",""aprMetadata"":""morpho_supply"",""apr"":7.4633}]","{""apr"":7.4633,""aprType"":""SINGLE""}","[{""aprType"":""SINGLE"",""aprMetadata"":""morpho_borrow"",""apr"":-9.6834}]","{""apr"":-9.6834,""aprType"":""SINGLE""}",1.0902783630945838,[],"{""apr"":0,""aprType"":""SINGLE""}",56132.22164292401,"",TimeInterval,7.463308605850482,1.0787595087247643,1770796800.0,"",0x68e37de8d93d3496ae143f2e900490f6280c57cd,0x0684afed148f368c3e790f6691e25fba5c04ee8eb0b0d373c18f48ea2aaed63b,26985056,999,Morpho,-1,INFO,"",-1,0x68e37dE8d93d3496ae143F2E900490f6280C57cD,morpho_usde_0xa7fe39c692f0192fb2f281a6cc16c8b2e1c8f9b9f2bc418e0c0c1e9374bf4b04_999,72060.64881286664,1.0787595087247643,2026-02-11T08:00:00.000000+0000,1.0,71953.0644260085,0x68e37dE8d93d3496ae143F2E900490f6280C57cD,Morpho USDe 0xa7fe,MorphoMarket
"[{""aprType"":""SINGLE"",""aprMetadata"":""morpho_supply"",""apr"":0.286}]","{""apr"":0.286,""aprType"":""SINGLE""}","[{""aprType"":""SINGLE"",""aprMetadata"":""morpho_borrow"",""apr"":-1.7157}]","{""apr"":-1.7157,""aprType"":""SINGLE""}",1.000012,[],"{""apr"":0,""aprType"":""SINGLE""}",0.5000060000000001,"",TimeInterval,0.28595587239138837,1.0000029999996667,1770796800.0,"",0x68e37de8d93d3496ae143f2e900490f6280c57cd,0x0684afed148f368c3e790f6691e25fba5c04ee8eb0b0d373c18f48ea2aaed63b,26985056,999,Morpho,-1,INFO,"",-1,0x68e37dE8d93d3496ae143F2E900490f6280C57cD,morpho_usdc_0x9f7bb1421eb28c47f83c492f9882fcc489049e4b933bd27715e941401eb187af_999,3.000006,1.0000029999996667,2026-02-11T08:00:00.000000+0000,1.0,3.000006,0x68e37dE8d93d3496ae143F2E900490f6280C57cD,Morpho USDC 0x9f7b,MorphoMarket
"[{""aprType"":""SINGLE"",""aprMetadata"":""morpho_supply"",""apr"":84.4628}]","{""apr"":84.4628,""aprType"":""SINGLE""}","[{""aprType"":""SINGLE"",""aprMetadata"":""morpho_borrow"",""apr"":-87.0314}]","{""apr"":-87.0314,""aprType"":""SINGLE""}",1.2922764941145686,[],"{""apr"":0,""aprType"":""SINGLE""}",255.453709,"",TimeInterval,84.46281367669654,1.2543177808088966,1770796800.0,"",0x68e37de8d93d3496ae143f2e900490f6280c57cd,0x0684afed148f368c3e790f6691e25fba5c04ee8eb0b0d373c18f48ea2aaed63b,26985056,999,Morpho,-1,INFO,"",-1,0x68e37dE8d93d3496ae143F2E900490f6280C57cD,morpho_usdt0_0xa24d04c3aff60d49b3475f0084334546cbf66182e788b6bf173e6f9990b2c816_999,255.490381,1.2543177808088966,2026-02-11T08:00:00.000000+0000,1.0,255.490381,0x68e37dE8d93d3496ae143F2E900490f6280C57cD,Morpho USDT0 0xa24d,MorphoMarket
[],"{""apr"":0,""aprType"":""SINGLE""}",[],"{""apr"":0,""aprType"":""SINGLE""}",0.0,[],"{""apr"":0,""aprType"":""SINGLE""}",0.0,"",TimeInterval,0.0,0.0,1770796800.0,"",0x68e37de8d93d3496ae143f2e900490f6280c57cd,0x0684afed148f368c3e790f6691e25fba5c04ee8eb0b0d373c18f48ea2aaed63b,26985056,999,Morpho,-1,INFO,"",-1,0x68e37dE8d93d3496ae143F2E900490f6280C57cD,morpho_whype_0x3adb4b73e4ad4ba564dcbd2b7e256c006264036a2e4878ce4aeb60ae6173dfa5_999,0.0,0.0,2026-02-11T08:00:00.000000+0000,1.0,0.0,0x68e37dE8d93d3496ae143F2E900490f6280C57cD,Morpho wHYPE 0x3adb,MorphoMarket
"[{""aprType"":""SINGLE"",""aprMetadata"":""morpho_supply"",""apr"":20.9013}]","{""apr"":20.9013,""aprType"":""SINGLE""}","[{""aprType"":""SINGLE"",""aprMetadata"":""morpho_borrow"",""apr"":-23.2447}]","{""apr"":-23.2447,""aprType"":""SINGLE""}",1.078392640183557,[],"{""apr"":0,""aprType"":""SINGLE""}",29213.147439,"",TimeInterval,20.90126117341,1.0679379570759586,1770796800.0,"",0x68e37de8d93d3496ae143f2e900490f6280c57cd,0x0684afed148f368c3e790f6691e25fba5c04ee8eb0b0d373c18f48ea2aaed63b,26985056,999,Morpho,-1,INFO,"",-1,0x68e37dE8d93d3496ae143F2E900490f6280C57cD,morpho_usdt0_0xa62327642e110efd38ba2d153867a8625c8dc40832e1d211ba4f4151c3de9050_999,32173.542017,1.0679379570759586,2026-02-11T08:00:00.000000+0000,1.0,32173.542017,0x68e37dE8d93d3496ae143F2E900490f6280C57cD,Morpho USDT0 0xa623,MorphoMarket
"[{""aprType"":""SINGLE"",""aprMetadata"":""morpho_supply"",""apr"":17.4795}]","{""apr"":17.4795,""aprType"":""SINGLE""}","[{""aprType"":""SINGLE"",""aprMetadata"":""morpho_borrow"",""apr"":-20.0494}]","{""apr"":-20.0494,""aprType"":""SINGLE""}",1.085407191640448,[],"{""apr"":0,""aprType"":""SINGLE""}",28381.61114597762,"",TimeInterval,17.47946679955139,1.0752371048737384,1770796800.0,"",0x68e37de8d93d3496ae143f2e900490f6280c57cd,0x0684afed148f368c3e790f6691e25fba5c04ee8eb0b0d373c18f48ea2aaed63b,26985056,999,Morpho,-1,INFO,"",-1,0x68e37dE8d93d3496ae143F2E900490f6280C57cD,morpho_usr_0x1da89208e6cb5173e97a83461853b8400de4f7c37542cf010a10579a5f7ca451_999,32249.42755713416,1.0752371048737384,2026-02-11T08:00:00.000000+0000,1.0,32237.535580722466,0x68e37dE8d93d3496ae143F2E900490f6280C57cD,Morpho USR 0x1da8,MorphoMarket
"[{""aprType"":""SINGLE"",""aprMetadata"":""morpho_supply"",""apr"":6.3471}]","{""apr"":6.3471,""aprType"":""SINGLE""}","[{""aprType"":""SINGLE"",""aprMetadata"":""morpho_borrow"",""apr"":-7.0149}]","{""apr"":-7.0149,""aprType"":""SINGLE""}",1.0785961313227495,[],"{""apr"":0,""aprType"":""SINGLE""}",5118185.422713,"",TimeInterval,6.347114899859571,1.0678158320010447,1770796800.0,"",0x68e37de8d93d3496ae143f2e900490f6280c57cd,0x0684afed148f368c3e790f6691e25fba5c04ee8eb0b0d373c18f48ea2aaed63b,26985056,999,Morpho,-1,INFO,"",-1,0x68e37dE8d93d3496ae143F2E900490f6280C57cD,morpho_usdt0_0xace279b5c6eff0a1ce7287249369fa6f4d3d32225e1629b04ef308e0eb568fb0_999,5600121.74761,1.0678158320010447,2026-02-11T08:00:00.000000+0000,1.0,5600121.74761,0x68e37dE8d93d3496ae143F2E900490f6280C57cD,Morpho USDT0 0xace2,MorphoMarket
"[{""aprType"":""SINGLE"",""aprMetadata"":""morpho_supply"",""apr"":2.008}]","{""apr"":2.008,""aprType"":""SINGLE""}","[{""aprType"":""SINGLE"",""aprMetadata"":""morpho_borrow"",""apr"":-15.5628}]","{""apr"":-15.5628,""aprType"":""SINGLE""}",1.8475153552303547,[],"{""apr"":0,""aprType"":""SINGLE""}",165.761318,"",TimeInterval,2.008018019206,1.7918903064916245,1770796800.0,"",0x68e37de8d93d3496ae143f2e900490f6280c57cd,0x0684afed148f368c3e790f6691e25fba5c04ee8eb0b0d373c18f48ea2aaed63b,26985056,999,Morpho,-1,INFO,"",-1,0x68e37dE8d93d3496ae143F2E900490f6280C57cD,morpho_usdc_0xb1977ea63bed73a2b1259889cd6c846e1fa869aa3236f86938588b4b3bd68b7d_999,1246.026555,1.7918903064916245,2026-02-11T08:00:00.000000+0000,1.0,1246.026555,0x68e37dE8d93d3496ae143F2E900490f6280C57cD,Morpho USDC 0xb197,MorphoMarket
[],"{""apr"":0,""aprType"":""SINGLE""}",[],"{""apr"":0,""aprType"":""SINGLE""}",0.0,"[{""aprType"":""SINGLE"",""apr"":2.302}]","{""apr"":2.302,""aprType"":""SINGLE""}",0.0,"",TimeInterval,0.0,0.0,1770796800.0,"",0x68e37de8d93d3496ae143f2e900490f6280c57cd,0x0684afed148f368c3e790f6691e25fba5c04ee8eb0b0d373c18f48ea2aaed63b,26985056,999,Morpho,-1,INFO,"",-1,0x68e37dE8d93d3496ae143F2E900490f6280C57cD,morpho_usdt0_0x94b5dbf156f36983b7304d621f7a5f0fd86862d4edb0fe2ef8d20a99861be39b_999,0.0,0.0,2026-02-11T08:00:00.000000+0000,1.0,0.0,0x68e37dE8d93d3496ae143F2E900490f6280C57cD,Morpho USDT0 0x94b5,MorphoMarket
"[{""aprType"":""SINGLE"",""aprMetadata"":""morpho_supply"",""apr"":11.1838}]","{""apr"":11.1838,""aprType"":""SINGLE""}","[{""aprType"":""SINGLE"",""aprMetadata"":""morpho_borrow"",""apr"":-12.4647}]","{""apr"":-12.4647,""aprType"":""SINGLE""}",1.0144281789681062,"[{""aprType"":""SINGLE"",""apr"":2.1709}]","{""apr"":2.1709,""aprType"":""SINGLE""}",3947015.81296,"",TimeInterval,11.183765916335094,1.0128365061734328,1770796800.0,"",0x68e37de8d93d3496ae143f2e900490f6280c57cd,0x0684afed148f368c3e790f6691e25fba5c04ee8eb0b0d373c18f48ea2aaed63b,26985056,999,Morpho,-1,INFO,"",-1,0x68e37dE8d93d3496ae143F2E900490f6280C57cD,morpho_usdc_0x96c47d3797394dd25e33f814216793a89d2e6edcc54d1dac3ab4c2b2d82a73b9_999,4392194.050023,1.0128365061734328,2026-02-11T08:00:00.000000+0000,1.0,4392194.050023,0x68e37dE8d93d3496ae143F2E900490f6280C57cD,Morpho USDC 0x96c4,MorphoMarket
"[{""aprType"":""SINGLE"",""aprMetadata"":""morpho_supply"",""apr"":2.2553}]","{""apr"":2.2553,""aprType"":""SINGLE""}","[{""aprType"":""SINGLE"",""aprMetadata"":""morpho_borrow"",""apr"":-2.5276}]","{""apr"":-2.5276,""aprType"":""SINGLE""}",1.0046882202089003,[],"{""apr"":0,""aprType"":""SINGLE""}",146457.169462,"",TimeInterval,2.2552791166050103,1.0043003977281149,1770796800.0,"",0x68e37de8d93d3496ae143f2e900490f6280c57cd,0x0684afed148f368c3e790f6691e25fba5c04ee8eb0b0d373c18f48ea2aaed63b,26985056,999,Morpho,-1,INFO,"",-1,0x68e37dE8d93d3496ae143F2E900490f6280C57cD,morpho_usdc_0x70c171a5123103f82a10b18be5efe49bd6cf21423d6f8320235ef746a24184df_999,164079.988897,1.0043003977281149,2026-02-11T08:00:00.000000+0000,1.0,164079.988897,0x68e37dE8d93d3496ae143F2E900490f6280C57cD,Morpho USDC 0x70c1,MorphoMarket
"[{""aprType"":""SINGLE"",""aprMetadata"":""morpho_supply"",""apr"":12.7342}]","{""apr"":12.7342,""aprType"":""SINGLE""}","[{""aprType"":""SINGLE"",""aprMetadata"":""morpho_borrow"",""apr"":-14.3183}]","{""apr"":-14.3183,""aprType"":""SINGLE""}",1.062879083218592,[],"{""apr"":0,""aprType"":""SINGLE""}",6082.943902,"",TimeInterval,12.73421746962732,1.0546807051817497,1770796800.0,"",0x68e37de8d93d3496ae143f2e900490f6280c57cd,0x0684afed148f368c3e790f6691e25fba5c04ee8eb0b0d373c18f48ea2aaed63b,26985056,999,Morpho,-1,INFO,"",-1,0x68e37dE8d93d3496ae143F2E900490f6280C57cD,morpho_usdt0_0xb5b575e402c7c19def8661069c39464c8bf3297b638e64d841b09a4eb2807de5_999,6786.866888,1.0546807051817497,2026-02-11T08:00:00.000000+0000,1.0,6786.866888,0x68e37dE8d93d3496ae143F2E900490f6280C57cD,Morpho USDT0 0xb5b5,MorphoMarket
[],"{""apr"":0,""aprType"":""SINGLE""}","[{""aprType"":""SINGLE"",""aprMetadata"":""morpho_borrow"",""apr"":-0.025}]","{""apr"":-0.025,""aprType"":""SINGLE""}",0.0,"[{""aprType"":""SINGLE"",""apr"":2.302}]","{""apr"":2.302,""aprType"":""SINGLE""}",0.0,"",TimeInterval,0.0,1.0,1770796800.0,"",0x68e37de8d93d3496ae143f2e900490f6280c57cd,0x0684afed148f368c3e790f6691e25fba5c04ee8eb0b0d373c18f48ea2aaed63b,26985056,999,Morpho,-1,INFO,"",-1,0x68e37dE8d93d3496ae143F2E900490f6280C57cD,morpho_usdt0_0xa29a75d5d166e0d1b41b58ecdd4921565c05199db84558d3a4b105ac40fe75a9_999,0.008,1.0,2026-02-11T08:00:00.000000+0000,1.0,0.008,0x68e37dE8d93d3496ae143F2E900490f6280C57cD,Morpho USDT0 0xa29a,MorphoMarket
"[{""aprType"":""SINGLE"",""aprMetadata"":""morpho_supply"",""apr"":2.1665}]","{""apr"":2.1665,""aprType"":""SINGLE""}","[{""aprType"":""SINGLE"",""aprMetadata"":""morpho_borrow"",""apr"":-6.4784}]","{""apr"":-6.4784,""aprType"":""SINGLE""}",1.086983072346406,[],"{""apr"":0,""aprType"":""SINGLE""}",2616.971101661497,"",TimeInterval,2.1665477101405926,1.0759265180319355,1770796800.0,"",0x68e37de8d93d3496ae143f2e900490f6280c57cd,0x0684afed148f368c3e790f6691e25fba5c04ee8eb0b0d373c18f48ea2aaed63b,26985056,999,Morpho,-1,INFO,"",-1,0x68e37dE8d93d3496ae143F2E900490f6280C57cD,morpho_usde_0x7268244d330f1462f77ded7a14e2f868893e86e76e8b8eaa869405d588aff6ce_999,7745.608818052182,1.0759265180319355,2026-02-11T08:00:00.000000+0000,1.0,7734.044856455094,0x68e37dE8d93d3496ae143F2E900490f6280C57cD,Morpho USDe 0x7268,MorphoMarket
"[{""aprType"":""SINGLE"",""aprMetadata"":""morpho_supply"",""apr"":45.8571}]","{""apr"":45.8571,""aprType"":""SINGLE""}","[{""aprType"":""SINGLE"",""aprMetadata"":""morpho_borrow"",""apr"":-47.7852}]","{""apr"":-47.7852,""aprType"":""SINGLE""}",1.1189127456388572,[],"{""apr"":0,""aprType"":""SINGLE""}",5210.224245,"",TimeInterval,45.85711985170672,1.106691473399342,1770796800.0,"",0x68e37de8d93d3496ae143f2e900490f6280c57cd,0x0684afed148f368c3e790f6691e25fba5c04ee8eb0b0d373c18f48ea2aaed63b,26985056,999,Morpho,-1,INFO,"",-1,0x68e37dE8d93d3496ae143F2E900490f6280C57cD,morpho_usdhl_0xb5b215bd2771f5ed73125bf6a02e7b743fadc423dfbb095ad59df047c50d3e81_999,5369.992828,1.106691473399342,2026-02-11T08:00:00.000000+0000,1.0,5369.992828,0x68e37dE8d93d3496ae143F2E900490f6280C57cD,Morpho USDhl 0xb5b2,MorphoMarket
