account,aprBreakdown,aprTotal,balance,balanceUsd,distinctId,eventName,lastApr,lastRate,lastUpdatedAt,message,meta.address,meta.block_hash,meta.block_number,meta.chain,meta.contract,meta.log_index,meta.severity,meta.transaction_hash,meta.transaction_index,protocol_id,timestamp,vaultAddress,vaultName,vaultType,positionType
0xFc5126377F0efc0041C0969Ef9BA903Ce67d151e,"[{""aprType"":""SINGLE"",""apr"":0,""aprMetadata"":""0x89fffba6e66db52690eed7aebe95d225388bd5c3c66950f759150e14d550cd86""}]","{""apr"":0,""aprType"":""SINGLE""}",6.830420527362891e-7,6.830420527362891e-7,"",AccrueInterest,0.0,1.055871,1770880342.0,"",0xfc5126377f0efc0041c0969ef9ba903ce67d151e,0x641985b0f3aa2ca55e8b36a66156f92f5d5ef6adb102928a6426367fa5e0cb40,27069991,999,MetaMorpho,5,INFO,0xe879ec4c36a60265b55bdffee4a5921f48b44c216d96896b9774c3af7356021f,0,morpho_felix_usdt0_999_market_0x89fffb,2026-02-12T07:12:22.000000+0000,0x89fffba6e66db52690eed7aebe95d225388bd5c3c66950f759150e14d550cd86,Felix USDT0 - Market 0x89fffb,MorphoMarket,""
0xFc5126377F0efc0041C0969Ef9BA903Ce67d151e,"[{""aprType"":""SINGLE"",""apr"":0.0032,""aprMetadata"":""0x888679b2af61343a4c7c0da0639fc5ca5fc5727e246371c4425e4d634c09e1f6""}]","{""apr"":0.0032,""aprType"":""SINGLE""}",4.913273844847571e-7,4.913273844847571e-7,"",AccrueInterest,0.0032000000000000006,1.055871,1770880342.0,"",0xfc5126377f0efc0041c0969ef9ba903ce67d151e,0x641985b0f3aa2ca55e8b36a66156f92f5d5ef6adb102928a6426367fa5e0cb40,27069991,999,MetaMorpho,5,INFO,0xe879ec4c36a60265b55bdffee4a5921f48b44c216d96896b9774c3af7356021f,0,morpho_felix_usdt0_999_market_0x888679,2026-02-12T07:12:22.000000+0000,0x888679b2af61343a4c7c0da0639fc5ca5fc5727e246371c4425e4d634c09e1f6,Felix USDT0 - Market 0x888679,MorphoMarket,""
0xFc5126377F0efc0041C0969Ef9BA903Ce67d151e,"[{""aprType"":""SINGLE"",""apr"":0,""aprMetadata"":""0x1c6b87ae1b97071ef444eedcba9f5a92cfe974edbbcaa1946644fc7ab0e283af""}]","{""apr"":0,""aprType"":""SINGLE""}",0.0,0.0,"",AccrueInterest,0.0,1.055871,1770880342.0,"",0xfc5126377f0efc0041c0969ef9ba903ce67d151e,0x641985b0f3aa2ca55e8b36a66156f92f5d5ef6adb102928a6426367fa5e0cb40,27069991,999,MetaMorpho,5,INFO,0xe879ec4c36a60265b55bdffee4a5921f48b44c216d96896b9774c3af7356021f,0,morpho_felix_usdt0_999_market_0x1c6b87,2026-02-12T07:12:22.000000+0000,0x1c6b87ae1b97071ef444eedcba9f5a92cfe974edbbcaa1946644fc7ab0e283af,Felix USDT0 - Market 0x1c6b87,MorphoMarket,""
0xFc5126377F0efc0041C0969Ef9BA903Ce67d151e,"[{""aprType"":""SINGLE"",""apr"":5.1669,""aprMetadata"":""0x78f6b57d825ef01a5dc496ad1f426a6375c685047d07a30cd07ac5107ffc7976""}]","{""apr"":5.1669,""aprType"":""SINGLE""}",6564236.591374561,6564236.591374561,"",AccrueInterest,5.1669,1.055871,1770880342.0,"",0xfc5126377f0efc0041c0969ef9ba903ce67d151e,0x641985b0f3aa2ca55e8b36a66156f92f5d5ef6adb102928a6426367fa5e0cb40,27069991,999,MetaMorpho,5,INFO,0xe879ec4c36a60265b55bdffee4a5921f48b44c216d96896b9774c3af7356021f,0,morpho_felix_usdt0_999_market_0x78f6b5,2026-02-12T07:12:22.000000+0000,0x78f6b57d825ef01a5dc496ad1f426a6375c685047d07a30cd07ac5107ffc7976,Felix USDT0 - Market 0x78f6b5,MorphoMarket,""
0xFc5126377F0efc0041C0969Ef9BA903Ce67d151e,"[{""aprType"":""SINGLE"",""apr"":5.0647,""aprMetadata"":""0xace279b5c6eff0a1ce7287249369fa6f4d3d32225e1629b04ef308e0eb568fb0""}]","{""apr"":5.0647,""aprType"":""SINGLE""}",5274458.702225409,5274458.702225409,"",AccrueInterest,5.0647,1.055871,1770880342.0,"",0xfc5126377f0efc0041c0969ef9ba903ce67d151e,0x641985b0f3aa2ca55e8b36a66156f92f5d5ef6adb102928a6426367fa5e0cb40,27069991,999,MetaMorpho,5,INFO,0xe879ec4c36a60265b55bdffee4a5921f48b44c216d96896b9774c3af7356021f,0,morpho_felix_usdt0_999_market_0xace279,2026-02-12T07:12:22.000000+0000,0xace279b5c6eff0a1ce7287249369fa6f4d3d32225e1629b04ef308e0eb568fb0,Felix USDT0 - Market 0xace279,MorphoMarket,""
0xFc5126377F0efc0041C0969Ef9BA903Ce67d151e,"[{""aprType"":""SINGLE"",""apr"":5.0769,""aprMetadata"":""0x707dddc200e95dc984feb185abf1321cabec8486dca5a9a96fb5202184106e54""}]","{""apr"":5.0769,""aprType"":""SINGLE""}",1272831.1452215014,1272831.1452215014,"",AccrueInterest,5.0769,1.055871,1770880342.0,"",0xfc5126377f0efc0041c0969ef9ba903ce67d151e,0x641985b0f3aa2ca55e8b36a66156f92f5d5ef6adb102928a6426367fa5e0cb40,27069991,999,MetaMorpho,5,INFO,0xe879ec4c36a60265b55bdffee4a5921f48b44c216d96896b9774c3af7356021f,0,morpho_felix_usdt0_999_market_0x707ddd,2026-02-12T07:12:22.000000+0000,0x707dddc200e95dc984feb185abf1321cabec8486dca5a9a96fb5202184106e54,Felix USDT0 - Market 0x707ddd,MorphoMarket,""
0xFc5126377F0efc0041C0969Ef9BA903Ce67d151e,"[{""aprType"":""SINGLE"",""apr"":1.7607,""aprMetadata"":""0xfea758e88403739fee1113b26623f43d3c37b51dc1e1e8231b78b23d1404e439""}]","{""apr"":1.7607,""aprType"":""SINGLE""}",80444.62416667289,80444.62416667289,"",AccrueInterest,1.7607,1.055871,1770880342.0,"",0xfc5126377f0efc0041c0969ef9ba903ce67d151e,0x641985b0f3aa2ca55e8b36a66156f92f5d5ef6adb102928a6426367fa5e0cb40,27069991,999,MetaMorpho,5,INFO,0xe879ec4c36a60265b55bdffee4a5921f48b44c216d96896b9774c3af7356021f,0,morpho_felix_usdt0_999_market_0xfea758,2026-02-12T07:12:22.000000+0000,0xfea758e88403739fee1113b26623f43d3c37b51dc1e1e8231b78b23d1404e439,Felix USDT0 - Market 0xfea758,MorphoMarket,""
0xFc5126377F0efc0041C0969Ef9BA903Ce67d151e,"[{""aprType"":""SINGLE"",""apr"":0.1529,""aprMetadata"":""0xa405d10deb61400d6caecf06f07f395759ad813b83e33c262c9eb48645526f5d""}]","{""apr"":0.1529,""aprType"":""SINGLE""}",414706.5494208552,414706.5494208552,"",AccrueInterest,0.1529,1.055871,1770880342.0,"",0xfc5126377f0efc0041c0969ef9ba903ce67d151e,0x641985b0f3aa2ca55e8b36a66156f92f5d5ef6adb102928a6426367fa5e0cb40,27069991,999,MetaMorpho,5,INFO,0xe879ec4c36a60265b55bdffee4a5921f48b44c216d96896b9774c3af7356021f,0,morpho_felix_usdt0_999_market_0xa405d1,2026-02-12T07:12:22.000000+0000,0xa405d10deb61400d6caecf06f07f395759ad813b83e33c262c9eb48645526f5d,Felix USDT0 - Market 0xa405d1,MorphoMarket,""
0xFc5126377F0efc0041C0969Ef9BA903Ce67d151e,"[{""aprType"":""SINGLE"",""apr"":4.9823,""aprMetadata"":""0xb39e45107152f02502c001a46e2d3513f429d2363323cdaffbc55a951a69b998""}]","{""apr"":4.9823,""aprType"":""SINGLE""}",81402.21118486667,81402.21118486667,"",AccrueInterest,4.9823,1.055871,1770880342.0,"",0xfc5126377f0efc0041c0969ef9ba903ce67d151e,0x641985b0f3aa2ca55e8b36a66156f92f5d5ef6adb102928a6426367fa5e0cb40,27069991,999,MetaMorpho,5,INFO,0xe879ec4c36a60265b55bdffee4a5921f48b44c216d96896b9774c3af7356021f,0,morpho_felix_usdt0_999_market_0xb39e45,2026-02-12T07:12:22.000000+0000,0xb39e45107152f02502c001a46e2d3513f429d2363323cdaffbc55a951a69b998,Felix USDT0 - Market 0xb39e45,MorphoMarket,""
0x835FEBF893c6DdDee5CF762B0f8e31C5B06938ab,"[{""aprType"":""SINGLE"",""apr"":12521.8787,""aprMetadata"":""0x41afe1000213f119a3d8a6cd2f9fc0b564a58f948514e4cc246f6293bbed3409""}]","{""apr"":12521.8787,""aprType"":""SINGLE""}",2.5971313617670138,2.593863599145011,"",AccrueInterest,12521.8787,1.0562957017290766,1770880351.0,"",0x835febf893c6dddee5cf762b0f8e31c5b06938ab,0x8d7ba0bf514b0c534039d0585175f924e22f52ea2b56b2be7761cc15593d8308,27070000,999,MetaMorpho,3,INFO,0x585b19cde8fcd99b991fdb6dd458af8fdf4edb232340939c1eae1c87f0d0808a,0,morpho_felix_usde_999_market_0x41afe1,2026-02-12T07:12:31.000000+0000,0x41afe1000213f119a3d8a6cd2f9fc0b564a58f948514e4cc246f6293bbed3409,Felix USDe - Market 0x41afe1,MorphoMarket,""
0x835FEBF893c6DdDee5CF762B0f8e31C5B06938ab,"[{""aprType"":""SINGLE"",""apr"":0,""aprMetadata"":""0x33c935bb0699b737d9cbd4274b5936a9004eee03ccfa70e266ff7c1513fd4808""}]","{""apr"":0,""aprType"":""SINGLE""}",0.0,0.0,"",AccrueInterest,0.0,1.0562957017290766,1770880351.0,"",0x835febf893c6dddee5cf762b0f8e31c5b06938ab,0x8d7ba0bf514b0c534039d0585175f924e22f52ea2b56b2be7761cc15593d8308,27070000,999,MetaMorpho,3,INFO,0x585b19cde8fcd99b991fdb6dd458af8fdf4edb232340939c1eae1c87f0d0808a,0,morpho_felix_usde_999_market_0x33c935,2026-02-12T07:12:31.000000+0000,0x33c935bb0699b737d9cbd4274b5936a9004eee03ccfa70e266ff7c1513fd4808,Felix USDe - Market 0x33c935,MorphoMarket,""
0x835FEBF893c6DdDee5CF762B0f8e31C5B06938ab,"[{""aprType"":""SINGLE"",""apr"":12.7382,""aprMetadata"":""0x292f0a3ddfb642fbaadf258ebcccf9e4b0048a9dc5af93036288502bde1a71b1""}]","{""apr"":12.7382,""aprType"":""SINGLE""}",839296.0553599101,838240.0362771351,"",AccrueInterest,12.7382,1.0562957017290766,1770880351.0,"",0x835febf893c6dddee5cf762b0f8e31c5b06938ab,0x8d7ba0bf514b0c534039d0585175f924e22f52ea2b56b2be7761cc15593d8308,27070000,999,MetaMorpho,3,INFO,0x585b19cde8fcd99b991fdb6dd458af8fdf4edb232340939c1eae1c87f0d0808a,0,morpho_felix_usde_999_market_0x292f0a,2026-02-12T07:12:31.000000+0000,0x292f0a3ddfb642fbaadf258ebcccf9e4b0048a9dc5af93036288502bde1a71b1,Felix USDe - Market 0x292f0a,MorphoMarket,""
0x835FEBF893c6DdDee5CF762B0f8e31C5B06938ab,"[{""aprType"":""SINGLE"",""apr"":9.4331,""aprMetadata"":""0x5fe3ac84f3a2c4e3102c3e6e9accb1ec90c30f6ee87ab1fcafc197b8addeb94c""}]","{""apr"":9.4331,""aprType"":""SINGLE""}",351477.83408455,351035.5976441481,"",AccrueInterest,9.4331,1.0562957017290766,1770880351.0,"",0x835febf893c6dddee5cf762b0f8e31c5b06938ab,0x8d7ba0bf514b0c534039d0585175f924e22f52ea2b56b2be7761cc15593d8308,27070000,999,MetaMorpho,3,INFO,0x585b19cde8fcd99b991fdb6dd458af8fdf4edb232340939c1eae1c87f0d0808a,0,morpho_felix_usde_999_market_0x5fe3ac,2026-02-12T07:12:31.000000+0000,0x5fe3ac84f3a2c4e3102c3e6e9accb1ec90c30f6ee87ab1fcafc197b8addeb94c,Felix USDe - Market 0x5fe3ac,MorphoMarket,""
0x9896a8605763106e57A51aa0a97Fe8099E806bb3,"[{""aprType"":""SINGLE"",""apr"":0,""aprMetadata"":""0x1c6b87ae1b97071ef444eedcba9f5a92cfe974edbbcaa1946644fc7ab0e283af""}]","{""apr"":0,""aprType"":""SINGLE""}",0.0,0.0,"",AccrueInterest,0.0,1.047309,1770880592.0,"",0x9896a8605763106e57a51aa0a97fe8099e806bb3,0xcf0dc269e6f57adbb4235b91be5de189be17daf35b178ac273859121ed1852d8,27070245,999,MetaMorpho,14,INFO,0xe5b7522f1853d812e82ccf3bb37b868ec1a7663cb1f7cac05f14791e71d7bd43,6,morpho_felix_usdt0_(frontier)_999_market_0x1c6b87,2026-02-12T07:16:32.000000+0000,0x1c6b87ae1b97071ef444eedcba9f5a92cfe974edbbcaa1946644fc7ab0e283af,Felix USDT0 (Frontier) - Market 0x1c6b87,MorphoMarket,""
0x9896a8605763106e57A51aa0a97Fe8099E806bb3,"[{""aprType"":""SINGLE"",""apr"":6.9017,""aprMetadata"":""0xd5a9fba2309a0b85972a96f2cc45f9784e786d712944d8fc0b31a6d9cb4f21d3""}]","{""apr"":6.9017,""aprType"":""SINGLE""}",31662.51347866409,31662.51347866409,"",AccrueInterest,6.9017,1.047309,1770880592.0,"",0x9896a8605763106e57a51aa0a97fe8099e806bb3,0xcf0dc269e6f57adbb4235b91be5de189be17daf35b178ac273859121ed1852d8,27070245,999,MetaMorpho,14,INFO,0xe5b7522f1853d812e82ccf3bb37b868ec1a7663cb1f7cac05f14791e71d7bd43,6,morpho_felix_usdt0_(frontier)_999_market_0xd5a9fb,2026-02-12T07:16:32.000000+0000,0xd5a9fba2309a0b85972a96f2cc45f9784e786d712944d8fc0b31a6d9cb4f21d3,Felix USDT0 (Frontier) - Market 0xd5a9fb,MorphoMarket,""
0x9896a8605763106e57A51aa0a97Fe8099E806bb3,"[{""aprType"":""SINGLE"",""apr"":6.905,""aprMetadata"":""0xd2e8f6fd195556222d7a0314d4fb93fdf84ae920faaebba6dbcf584ac865e1f5""}]","{""apr"":6.905,""aprType"":""SINGLE""}",557429.0331737081,557429.0331737081,"",AccrueInterest,6.905,1.047309,1770880592.0,"",0x9896a8605763106e57a51aa0a97fe8099e806bb3,0xcf0dc269e6f57adbb4235b91be5de189be17daf35b178ac273859121ed1852d8,27070245,999,MetaMorpho,14,INFO,0xe5b7522f1853d812e82ccf3bb37b868ec1a7663cb1f7cac05f14791e71d7bd43,6,morpho_felix_usdt0_(frontier)_999_market_0xd2e8f6,2026-02-12T07:16:32.000000+0000,0xd2e8f6fd195556222d7a0314d4fb93fdf84ae920faaebba6dbcf584ac865e1f5,Felix USDT0 (Frontier) - Market 0xd2e8f6,MorphoMarket,""
0x9896a8605763106e57A51aa0a97Fe8099E806bb3,"[{""aprType"":""SINGLE"",""apr"":4.8792,""aprMetadata"":""0xfbe436e9aa361487f0c3e4ff94c88aea72887a4482c6b8bcfec60a8584cdb05e""}]","{""apr"":4.8792,""aprType"":""SINGLE""}",1125574.1353175463,1125574.1353175463,"",AccrueInterest,4.8792,1.047309,1770880592.0,"",0x9896a8605763106e57a51aa0a97fe8099e806bb3,0xcf0dc269e6f57adbb4235b91be5de189be17daf35b178ac273859121ed1852d8,27070245,999,MetaMorpho,14,INFO,0xe5b7522f1853d812e82ccf3bb37b868ec1a7663cb1f7cac05f14791e71d7bd43,6,morpho_felix_usdt0_(frontier)_999_market_0xfbe436,2026-02-12T07:16:32.000000+0000,0xfbe436e9aa361487f0c3e4ff94c88aea72887a4482c6b8bcfec60a8584cdb05e,Felix USDT0 (Frontier) - Market 0xfbe436,MorphoMarket,""
0x9896a8605763106e57A51aa0a97Fe8099E806bb3,"[{""aprType"":""SINGLE"",""apr"":24.6973,""aprMetadata"":""0xfdece686f16877984325c7a1c192e0f18862bae3829d000a1a62b5bc2b31d4ef""}]","{""apr"":24.6973,""aprType"":""SINGLE""}",1575.3448390433132,1575.3448390433132,"",AccrueInterest,24.6973,1.047309,1770880592.0,"",0x9896a8605763106e57a51aa0a97fe8099e806bb3,0xcf0dc269e6f57adbb4235b91be5de189be17daf35b178ac273859121ed1852d8,27070245,999,MetaMorpho,14,INFO,0xe5b7522f1853d812e82ccf3bb37b868ec1a7663cb1f7cac05f14791e71d7bd43,6,morpho_felix_usdt0_(frontier)_999_market_0xfdece6,2026-02-12T07:16:32.000000+0000,0xfdece686f16877984325c7a1c192e0f18862bae3829d000a1a62b5bc2b31d4ef,Felix USDT0 (Frontier) - Market 0xfdece6,MorphoMarket,""
0x9896a8605763106e57A51aa0a97Fe8099E806bb3,"[{""aprType"":""SINGLE"",""apr"":8.3996,""aprMetadata"":""0xf9f0473b23ebeb82c83078f0f0f77f27ac534c9fb227cb4366e6057b6163ffbf""}]","{""apr"":8.3996,""aprType"":""SINGLE""}",227607.77499276362,227607.77499276362,"",AccrueInterest,8.3996,1.047309,1770880592.0,"",0x9896a8605763106e57a51aa0a97fe8099e806bb3,0xcf0dc269e6f57adbb4235b91be5de189be17daf35b178ac273859121ed1852d8,27070245,999,MetaMorpho,14,INFO,0xe5b7522f1853d812e82ccf3bb37b868ec1a7663cb1f7cac05f14791e71d7bd43,6,morpho_felix_usdt0_(frontier)_999_market_0xf9f047,2026-02-12T07:16:32.000000+0000,0xf9f0473b23ebeb82c83078f0f0f77f27ac534c9fb227cb4366e6057b6163ffbf,Felix USDT0 (Frontier) - Market 0xf9f047,MorphoMarket,""
0x9896a8605763106e57A51aa0a97Fe8099E806bb3,"[{""aprType"":""SINGLE"",""apr"":4.5424,""aprMetadata"":""0x6eb4ce92dc1d89abd40f9634249ec28e8ab4e3f9bef0ab47ea784773c140d4ef""}]","{""apr"":4.5424,""aprType"":""SINGLE""}",291905.8773907346,291905.8773907346,"",AccrueInterest,4.5424,1.047309,1770880592.0,"",0x9896a8605763106e57a51aa0a97fe8099e806bb3,0xcf0dc269e6f57adbb4235b91be5de189be17daf35b178ac273859121ed1852d8,27070245,999,MetaMorpho,14,INFO,0xe5b7522f1853d812e82ccf3bb37b868ec1a7663cb1f7cac05f14791e71d7bd43,6,morpho_felix_usdt0_(frontier)_999_market_0x6eb4ce,2026-02-12T07:16:32.000000+0000,0x6eb4ce92dc1d89abd40f9634249ec28e8ab4e3f9bef0ab47ea784773c140d4ef,Felix USDT0 (Frontier) - Market 0x6eb4ce,MorphoMarket,""
0x9896a8605763106e57A51aa0a97Fe8099E806bb3,"[{""aprType"":""SINGLE"",""apr"":5.2364,""aprMetadata"":""0xd5c5b5db889eb5d4f4026b9704cddffbc1356732a37c2b543330c10756ae7a18""}]","{""apr"":5.2364,""aprType"":""SINGLE""}",234349.4295236729,234349.4295236729,"",AccrueInterest,5.2364,1.047309,1770880592.0,"",0x9896a8605763106e57a51aa0a97fe8099e806bb3,0xcf0dc269e6f57adbb4235b91be5de189be17daf35b178ac273859121ed1852d8,27070245,999,MetaMorpho,14,INFO,0xe5b7522f1853d812e82ccf3bb37b868ec1a7663cb1f7cac05f14791e71d7bd43,6,morpho_felix_usdt0_(frontier)_999_market_0xd5c5b5,2026-02-12T07:16:32.000000+0000,0xd5c5b5db889eb5d4f4026b9704cddffbc1356732a37c2b543330c10756ae7a18,Felix USDT0 (Frontier) - Market 0xd5c5b5,MorphoMarket,""
0x9896a8605763106e57A51aa0a97Fe8099E806bb3,"[{""aprType"":""SINGLE"",""apr"":6.0064,""aprMetadata"":""0x86d7bc359391486de8cd1204da45c53d6ada60ab9764450dc691e1775b2e8d69""}]","{""apr"":6.0064,""aprType"":""SINGLE""}",79639.41848496893,79639.41848496893,"",AccrueInterest,6.0064,1.047309,1770880592.0,"",0x9896a8605763106e57a51aa0a97fe8099e806bb3,0xcf0dc269e6f57adbb4235b91be5de189be17daf35b178ac273859121ed1852d8,27070245,999,MetaMorpho,14,INFO,0xe5b7522f1853d812e82ccf3bb37b868ec1a7663cb1f7cac05f14791e71d7bd43,6,morpho_felix_usdt0_(frontier)_999_market_0x86d7bc,2026-02-12T07:16:32.000000+0000,0x86d7bc359391486de8cd1204da45c53d6ada60ab9764450dc691e1775b2e8d69,Felix USDT0 (Frontier) - Market 0x86d7bc,MorphoMarket,""
0x9896a8605763106e57A51aa0a97Fe8099E806bb3,"[{""aprType"":""SINGLE"",""apr"":5.1952,""aprMetadata"":""0xd4fd53f612eaf411a1acea053cfa28cbfeea683273c4133bf115b47a20130305""}]","{""apr"":5.1952,""aprType"":""SINGLE""}",19161.640670258577,19161.640670258577,"",AccrueInterest,5.1952,1.047309,1770880592.0,"",0x9896a8605763106e57a51aa0a97fe8099e806bb3,0xcf0dc269e6f57adbb4235b91be5de189be17daf35b178ac273859121ed1852d8,27070245,999,MetaMorpho,14,INFO,0xe5b7522f1853d812e82ccf3bb37b868ec1a7663cb1f7cac05f14791e71d7bd43,6,morpho_felix_usdt0_(frontier)_999_market_0xd4fd53,2026-02-12T07:16:32.000000+0000,0xd4fd53f612eaf411a1acea053cfa28cbfeea683273c4133bf115b47a20130305,Felix USDT0 (Frontier) - Market 0xd4fd53,MorphoMarket,""
0x9c59a9389D8f72DE2CdAf1126F36EA4790E2275e,"[{""aprType"":""SINGLE"",""apr"":0,""aprMetadata"":""0xe0a1de770a9a72a083087fe1745c998426aaea984ddf155ea3d5fbba5b759713""}]","{""apr"":0,""aprType"":""SINGLE""}",1.0683323416279095e-7,1.0683323416279095e-7,"",AccrueInterest,0.0,1.059388,1770880680.0,"",0x9c59a9389d8f72de2cdaf1126f36ea4790e2275e,0xdc6503fd5c4ef6908fa84b5ceeff3397f94af82f58758225aa9120343eff18ed,27070335,999,MetaMorpho,40,INFO,0x97c3507535c141b56bf2c228320715c72b821e72271404a87246028c58f33d72,3,morpho_felix_usdhl_999_market_0xe0a1de,2026-02-12T07:18:00.000000+0000,0xe0a1de770a9a72a083087fe1745c998426aaea984ddf155ea3d5fbba5b759713,Felix USDhl - Market 0xe0a1de,MorphoMarket,""
0x9c59a9389D8f72DE2CdAf1126F36EA4790E2275e,"[{""aprType"":""SINGLE"",""apr"":0,""aprMetadata"":""0xa666cc1147beda1aa50fae4b40cb4c37a51230e84e80dcd31233487060913a8d""}]","{""apr"":0,""aprType"":""SINGLE""}",0.0,0.0,"",AccrueInterest,0.0,1.059388,1770880680.0,"",0x9c59a9389d8f72de2cdaf1126f36ea4790e2275e,0xdc6503fd5c4ef6908fa84b5ceeff3397f94af82f58758225aa9120343eff18ed,27070335,999,MetaMorpho,40,INFO,0x97c3507535c141b56bf2c228320715c72b821e72271404a87246028c58f33d72,3,morpho_felix_usdhl_999_market_0xa666cc,2026-02-12T07:18:00.000000+0000,0xa666cc1147beda1aa50fae4b40cb4c37a51230e84e80dcd31233487060913a8d,Felix USDhl - Market 0xa666cc,MorphoMarket,""
0x9c59a9389D8f72DE2CdAf1126F36EA4790E2275e,"[{""aprType"":""SINGLE"",""apr"":97.4299,""aprMetadata"":""0x96c7abf76aed53d50b2cc84e2ed17846e0d1c4cc28236d95b6eb3b12dcc86909""}]","{""apr"":97.4299,""aprType"":""SINGLE""}",0.03285969311832786,0.03285969311832786,"",AccrueInterest,97.4299,1.059388,1770880680.0,"",0x9c59a9389d8f72de2cdaf1126f36ea4790e2275e,0xdc6503fd5c4ef6908fa84b5ceeff3397f94af82f58758225aa9120343eff18ed,27070335,999,MetaMorpho,40,INFO,0x97c3507535c141b56bf2c228320715c72b821e72271404a87246028c58f33d72,3,morpho_felix_usdhl_999_market_0x96c7ab,2026-02-12T07:18:00.000000+0000,0x96c7abf76aed53d50b2cc84e2ed17846e0d1c4cc28236d95b6eb3b12dcc86909,Felix USDhl - Market 0x96c7ab,MorphoMarket,""
0x9c59a9389D8f72DE2CdAf1126F36EA4790E2275e,"[{""aprType"":""SINGLE"",""apr"":49.9124,""aprMetadata"":""0x87272614b7a2022c31ddd7bba8eb21d5ab40a6bcbea671264d59dc732053721d""}]","{""apr"":49.9124,""aprType"":""SINGLE""}",84680.10133282325,84680.10133282325,"",AccrueInterest,49.9124,1.059388,1770880680.0,"",0x9c59a9389d8f72de2cdaf1126f36ea4790e2275e,0xdc6503fd5c4ef6908fa84b5ceeff3397f94af82f58758225aa9120343eff18ed,27070335,999,MetaMorpho,40,INFO,0x97c3507535c141b56bf2c228320715c72b821e72271404a87246028c58f33d72,3,morpho_felix_usdhl_999_market_0x872726,2026-02-12T07:18:00.000000+0000,0x87272614b7a2022c31ddd7bba8eb21d5ab40a6bcbea671264d59dc732053721d,Felix USDhl - Market 0x872726,MorphoMarket,""
0x9c59a9389D8f72DE2CdAf1126F36EA4790E2275e,"[{""aprType"":""SINGLE"",""apr"":0.0557,""aprMetadata"":""0x1f79fe1822f6bfe7a70f8e7e5e768efd0c3f10db52af97c2f14e4b71e3130e70""}]","{""apr"":0.0557,""aprType"":""SINGLE""}",356041.3728673937,356041.3728673937,"",AccrueInterest,0.055700000000000006,1.059388,1770880680.0,"",0x9c59a9389d8f72de2cdaf1126f36ea4790e2275e,0xdc6503fd5c4ef6908fa84b5ceeff3397f94af82f58758225aa9120343eff18ed,27070335,999,MetaMorpho,40,INFO,0x97c3507535c141b56bf2c228320715c72b821e72271404a87246028c58f33d72,3,morpho_felix_usdhl_999_market_0x1f79fe,2026-02-12T07:18:00.000000+0000,0x1f79fe1822f6bfe7a70f8e7e5e768efd0c3f10db52af97c2f14e4b71e3130e70,Felix USDhl - Market 0x1f79fe,MorphoMarket,""
0x9c59a9389D8f72DE2CdAf1126F36EA4790E2275e,"[{""aprType"":""SINGLE"",""apr"":10.4315,""aprMetadata"":""0xc0a3063a0a7755b7d58642e9a6d3be1c05bc974665ef7d3b158784348d4e17c5""}]","{""apr"":10.4315,""aprType"":""SINGLE""}",72704.42448129518,72704.42448129518,"",AccrueInterest,10.4315,1.059388,1770880680.0,"",0x9c59a9389d8f72de2cdaf1126f36ea4790e2275e,0xdc6503fd5c4ef6908fa84b5ceeff3397f94af82f58758225aa9120343eff18ed,27070335,999,MetaMorpho,40,INFO,0x97c3507535c141b56bf2c228320715c72b821e72271404a87246028c58f33d72,3,morpho_felix_usdhl_999_market_0xc0a306,2026-02-12T07:18:00.000000+0000,0xc0a3063a0a7755b7d58642e9a6d3be1c05bc974665ef7d3b158784348d4e17c5,Felix USDhl - Market 0xc0a306,MorphoMarket,""
0x9c59a9389D8f72DE2CdAf1126F36EA4790E2275e,"[{""aprType"":""SINGLE"",""apr"":0,""aprMetadata"":""0xe0a1de770a9a72a083087fe1745c998426aaea984ddf155ea3d5fbba5b759713""}]","{""apr"":0,""aprType"":""SINGLE""}",1.0683323416279095e-7,1.0683323416279095e-7,"",AccrueInterest,0.0,1.059388,1770880680.0,"",0x9c59a9389d8f72de2cdaf1126f36ea4790e2275e,0xdc6503fd5c4ef6908fa84b5ceeff3397f94af82f58758225aa9120343eff18ed,27070335,999,MetaMorpho,51,INFO,0x97c3507535c141b56bf2c228320715c72b821e72271404a87246028c58f33d72,3,morpho_felix_usdhl_999_market_0xe0a1de,2026-02-12T07:18:00.000000+0000,0xe0a1de770a9a72a083087fe1745c998426aaea984ddf155ea3d5fbba5b759713,Felix USDhl - Market 0xe0a1de,MorphoMarket,""
0x9c59a9389D8f72DE2CdAf1126F36EA4790E2275e,"[{""aprType"":""SINGLE"",""apr"":0,""aprMetadata"":""0xa666cc1147beda1aa50fae4b40cb4c37a51230e84e80dcd31233487060913a8d""}]","{""apr"":0,""aprType"":""SINGLE""}",0.0,0.0,"",AccrueInterest,0.0,1.059388,1770880680.0,"",0x9c59a9389d8f72de2cdaf1126f36ea4790e2275e,0xdc6503fd5c4ef6908fa84b5ceeff3397f94af82f58758225aa9120343eff18ed,27070335,999,MetaMorpho,51,INFO,0x97c3507535c141b56bf2c228320715c72b821e72271404a87246028c58f33d72,3,morpho_felix_usdhl_999_market_0xa666cc,2026-02-12T07:18:00.000000+0000,0xa666cc1147beda1aa50fae4b40cb4c37a51230e84e80dcd31233487060913a8d,Felix USDhl - Market 0xa666cc,MorphoMarket,""
0x9c59a9389D8f72DE2CdAf1126F36EA4790E2275e,"[{""aprType"":""SINGLE"",""apr"":97.4299,""aprMetadata"":""0x96c7abf76aed53d50b2cc84e2ed17846e0d1c4cc28236d95b6eb3b12dcc86909""}]","{""apr"":97.4299,""aprType"":""SINGLE""}",0.03285969311832786,0.03285969311832786,"",AccrueInterest,97.4299,1.059388,1770880680.0,"",0x9c59a9389d8f72de2cdaf1126f36ea4790e2275e,0xdc6503fd5c4ef6908fa84b5ceeff3397f94af82f58758225aa9120343eff18ed,27070335,999,MetaMorpho,51,INFO,0x97c3507535c141b56bf2c228320715c72b821e72271404a87246028c58f33d72,3,morpho_felix_usdhl_999_market_0x96c7ab,2026-02-12T07:18:00.000000+0000,0x96c7abf76aed53d50b2cc84e2ed17846e0d1c4cc28236d95b6eb3b12dcc86909,Felix USDhl - Market 0x96c7ab,MorphoMarket,""
0x9c59a9389D8f72DE2CdAf1126F36EA4790E2275e,"[{""aprType"":""SINGLE"",""apr"":49.9124,""aprMetadata"":""0x87272614b7a2022c31ddd7bba8eb21d5ab40a6bcbea671264d59dc732053721d""}]","{""apr"":49.9124,""aprType"":""SINGLE""}",84680.10133282325,84680.10133282325,"",AccrueInterest,49.9124,1.059388,1770880680.0,"",0x9c59a9389d8f72de2cdaf1126f36ea4790e2275e,0xdc6503fd5c4ef6908fa84b5ceeff3397f94af82f58758225aa9120343eff18ed,27070335,999,MetaMorpho,51,INFO,0x97c3507535c141b56bf2c228320715c72b821e72271404a87246028c58f33d72,3,morpho_felix_usdhl_999_market_0x872726,2026-02-12T07:18:00.000000+0000,0x87272614b7a2022c31ddd7bba8eb21d5ab40a6bcbea671264d59dc732053721d,Felix USDhl - Market 0x872726,MorphoMarket,""
0x9c59a9389D8f72DE2CdAf1126F36EA4790E2275e,"[{""aprType"":""SINGLE"",""apr"":0.0539,""aprMetadata"":""0x1f79fe1822f6bfe7a70f8e7e5e768efd0c3f10db52af97c2f14e4b71e3130e70""}]","{""apr"":0.0539,""aprType"":""SINGLE""}",356041.3732542455,356041.3732542455,"",AccrueInterest,0.0539,1.059388,1770880680.0,"",0x9c59a9389d8f72de2cdaf1126f36ea4790e2275e,0xdc6503fd5c4ef6908fa84b5ceeff3397f94af82f58758225aa9120343eff18ed,27070335,999,MetaMorpho,51,INFO,0x97c3507535c141b56bf2c228320715c72b821e72271404a87246028c58f33d72,3,morpho_felix_usdhl_999_market_0x1f79fe,2026-02-12T07:18:00.000000+0000,0x1f79fe1822f6bfe7a70f8e7e5e768efd0c3f10db52af97c2f14e4b71e3130e70,Felix USDhl - Market 0x1f79fe,MorphoMarket,""
0x9c59a9389D8f72DE2CdAf1126F36EA4790E2275e,"[{""aprType"":""SINGLE"",""apr"":10.4315,""aprMetadata"":""0xc0a3063a0a7755b7d58642e9a6d3be1c05bc974665ef7d3b158784348d4e17c5""}]","{""apr"":10.4315,""aprType"":""SINGLE""}",72704.42448129518,72704.42448129518,"",AccrueInterest,10.4315,1.059388,1770880680.0,"",0x9c59a9389d8f72de2cdaf1126f36ea4790e2275e,0xdc6503fd5c4ef6908fa84b5ceeff3397f94af82f58758225aa9120343eff18ed,27070335,999,MetaMorpho,51,INFO,0x97c3507535c141b56bf2c228320715c72b821e72271404a87246028c58f33d72,3,morpho_felix_usdhl_999_market_0xc0a306,2026-02-12T07:18:00.000000+0000,0xc0a3063a0a7755b7d58642e9a6d3be1c05bc974665ef7d3b158784348d4e17c5,Felix USDhl - Market 0xc0a306,MorphoMarket,""
0x9c59a9389D8f72DE2CdAf1126F36EA4790E2275e,"[{""aprType"":""SINGLE"",""apr"":0,""aprMetadata"":""0xe0a1de770a9a72a083087fe1745c998426aaea984ddf155ea3d5fbba5b759713""}]","{""apr"":0,""aprType"":""SINGLE""}",1.0683323416279095e-7,1.0683323416279095e-7,"",AccrueInterest,0.0,1.059388,1770880740.0,"",0x9c59a9389d8f72de2cdaf1126f36ea4790e2275e,0x4da918f10655a64af6d90f426cb84aff30eda9e6e74e1108ac5d79341e5601c8,27070396,999,MetaMorpho,24,INFO,0x1589d805c20675eaec8d3d0fe7b08321d49ed1f36577dbadbaddf3a041d16b9b,5,morpho_felix_usdhl_999_market_0xe0a1de,2026-02-12T07:19:00.000000+0000,0xe0a1de770a9a72a083087fe1745c998426aaea984ddf155ea3d5fbba5b759713,Felix USDhl - Market 0xe0a1de,MorphoMarket,""
0x9c59a9389D8f72DE2CdAf1126F36EA4790E2275e,"[{""aprType"":""SINGLE"",""apr"":0,""aprMetadata"":""0xa666cc1147beda1aa50fae4b40cb4c37a51230e84e80dcd31233487060913a8d""}]","{""apr"":0,""aprType"":""SINGLE""}",0.0,0.0,"",AccrueInterest,0.0,1.059388,1770880740.0,"",0x9c59a9389d8f72de2cdaf1126f36ea4790e2275e,0x4da918f10655a64af6d90f426cb84aff30eda9e6e74e1108ac5d79341e5601c8,27070396,999,MetaMorpho,24,INFO,0x1589d805c20675eaec8d3d0fe7b08321d49ed1f36577dbadbaddf3a041d16b9b,5,morpho_felix_usdhl_999_market_0xa666cc,2026-02-12T07:19:00.000000+0000,0xa666cc1147beda1aa50fae4b40cb4c37a51230e84e80dcd31233487060913a8d,Felix USDhl - Market 0xa666cc,MorphoMarket,""
0x9c59a9389D8f72DE2CdAf1126F36EA4790E2275e,"[{""aprType"":""SINGLE"",""apr"":33.7985,""aprMetadata"":""0x96c7abf76aed53d50b2cc84e2ed17846e0d1c4cc28236d95b6eb3b12dcc86909""}]","{""apr"":33.7985,""aprType"":""SINGLE""}",0.032859710012383664,0.032859710012383664,"",AccrueInterest,33.7985,1.059388,1770880740.0,"",0x9c59a9389d8f72de2cdaf1126f36ea4790e2275e,0x4da918f10655a64af6d90f426cb84aff30eda9e6e74e1108ac5d79341e5601c8,27070396,999,MetaMorpho,24,INFO,0x1589d805c20675eaec8d3d0fe7b08321d49ed1f36577dbadbaddf3a041d16b9b,5,morpho_felix_usdhl_999_market_0x96c7ab,2026-02-12T07:19:00.000000+0000,0x96c7abf76aed53d50b2cc84e2ed17846e0d1c4cc28236d95b6eb3b12dcc86909,Felix USDhl - Market 0x96c7ab,MorphoMarket,""
0x9c59a9389D8f72DE2CdAf1126F36EA4790E2275e,"[{""aprType"":""SINGLE"",""apr"":17.9781,""aprMetadata"":""0x87272614b7a2022c31ddd7bba8eb21d5ab40a6bcbea671264d59dc732053721d""}]","{""apr"":17.9781,""aprType"":""SINGLE""}",71858.35960738809,71858.35960738809,"",AccrueInterest,17.9781,1.059388,1770880740.0,"",0x9c59a9389d8f72de2cdaf1126f36ea4790e2275e,0x4da918f10655a64af6d90f426cb84aff30eda9e6e74e1108ac5d79341e5601c8,27070396,999,MetaMorpho,24,INFO,0x1589d805c20675eaec8d3d0fe7b08321d49ed1f36577dbadbaddf3a041d16b9b,5,morpho_felix_usdhl_999_market_0x872726,2026-02-12T07:19:00.000000+0000,0x87272614b7a2022c31ddd7bba8eb21d5ab40a6bcbea671264d59dc732053721d,Felix USDhl - Market 0x872726,MorphoMarket,""
0x9c59a9389D8f72DE2CdAf1126F36EA4790E2275e,"[{""aprType"":""SINGLE"",""apr"":0.0539,""aprMetadata"":""0x1f79fe1822f6bfe7a70f8e7e5e768efd0c3f10db52af97c2f14e4b71e3130e70""}]","{""apr"":0.0539,""aprType"":""SINGLE""}",368863.1470633182,368863.1470633182,"",AccrueInterest,0.0539,1.059388,1770880740.0,"",0x9c59a9389d8f72de2cdaf1126f36ea4790e2275e,0x4da918f10655a64af6d90f426cb84aff30eda9e6e74e1108ac5d79341e5601c8,27070396,999,MetaMorpho,24,INFO,0x1589d805c20675eaec8d3d0fe7b08321d49ed1f36577dbadbaddf3a041d16b9b,5,morpho_felix_usdhl_999_market_0x1f79fe,2026-02-12T07:19:00.000000+0000,0x1f79fe1822f6bfe7a70f8e7e5e768efd0c3f10db52af97c2f14e4b71e3130e70,Felix USDhl - Market 0x1f79fe,MorphoMarket,""
0x9c59a9389D8f72DE2CdAf1126F36EA4790E2275e,"[{""aprType"":""SINGLE"",""apr"":10.4315,""aprMetadata"":""0xc0a3063a0a7755b7d58642e9a6d3be1c05bc974665ef7d3b158784348d4e17c5""}]","{""apr"":10.4315,""aprType"":""SINGLE""}",72704.42448129518,72704.42448129518,"",AccrueInterest,10.4315,1.059388,1770880740.0,"",0x9c59a9389d8f72de2cdaf1126f36ea4790e2275e,0x4da918f10655a64af6d90f426cb84aff30eda9e6e74e1108ac5d79341e5601c8,27070396,999,MetaMorpho,24,INFO,0x1589d805c20675eaec8d3d0fe7b08321d49ed1f36577dbadbaddf3a041d16b9b,5,morpho_felix_usdhl_999_market_0xc0a306,2026-02-12T07:19:00.000000+0000,0xc0a3063a0a7755b7d58642e9a6d3be1c05bc974665ef7d3b158784348d4e17c5,Felix USDhl - Market 0xc0a306,MorphoMarket,""
0x9c59a9389D8f72DE2CdAf1126F36EA4790E2275e,"[{""aprType"":""SINGLE"",""apr"":0,""aprMetadata"":""0xe0a1de770a9a72a083087fe1745c998426aaea984ddf155ea3d5fbba5b759713""}]","{""apr"":0,""aprType"":""SINGLE""}",1.0683323416279095e-7,1.0683323416279095e-7,"",AccrueInterest,0.0,1.059388,1770880740.0,"",0x9c59a9389d8f72de2cdaf1126f36ea4790e2275e,0x4da918f10655a64af6d90f426cb84aff30eda9e6e74e1108ac5d79341e5601c8,27070396,999,MetaMorpho,35,INFO,0x1589d805c20675eaec8d3d0fe7b08321d49ed1f36577dbadbaddf3a041d16b9b,5,morpho_felix_usdhl_999_market_0xe0a1de,2026-02-12T07:19:00.000000+0000,0xe0a1de770a9a72a083087fe1745c998426aaea984ddf155ea3d5fbba5b759713,Felix USDhl - Market 0xe0a1de,MorphoMarket,""
0x9c59a9389D8f72DE2CdAf1126F36EA4790E2275e,"[{""aprType"":""SINGLE"",""apr"":0,""aprMetadata"":""0xa666cc1147beda1aa50fae4b40cb4c37a51230e84e80dcd31233487060913a8d""}]","{""apr"":0,""aprType"":""SINGLE""}",0.0,0.0,"",AccrueInterest,0.0,1.059388,1770880740.0,"",0x9c59a9389d8f72de2cdaf1126f36ea4790e2275e,0x4da918f10655a64af6d90f426cb84aff30eda9e6e74e1108ac5d79341e5601c8,27070396,999,MetaMorpho,35,INFO,0x1589d805c20675eaec8d3d0fe7b08321d49ed1f36577dbadbaddf3a041d16b9b,5,morpho_felix_usdhl_999_market_0xa666cc,2026-02-12T07:19:00.000000+0000,0xa666cc1147beda1aa50fae4b40cb4c37a51230e84e80dcd31233487060913a8d,Felix USDhl - Market 0xa666cc,MorphoMarket,""
0x9c59a9389D8f72DE2CdAf1126F36EA4790E2275e,"[{""aprType"":""SINGLE"",""apr"":33.7985,""aprMetadata"":""0x96c7abf76aed53d50b2cc84e2ed17846e0d1c4cc28236d95b6eb3b12dcc86909""}]","{""apr"":33.7985,""aprType"":""SINGLE""}",0.032859710012383664,0.032859710012383664,"",AccrueInterest,33.7985,1.059388,1770880740.0,"",0x9c59a9389d8f72de2cdaf1126f36ea4790e2275e,0x4da918f10655a64af6d90f426cb84aff30eda9e6e74e1108ac5d79341e5601c8,27070396,999,MetaMorpho,35,INFO,0x1589d805c20675eaec8d3d0fe7b08321d49ed1f36577dbadbaddf3a041d16b9b,5,morpho_felix_usdhl_999_market_0x96c7ab,2026-02-12T07:19:00.000000+0000,0x96c7abf76aed53d50b2cc84e2ed17846e0d1c4cc28236d95b6eb3b12dcc86909,Felix USDhl - Market 0x96c7ab,MorphoMarket,""
0x9c59a9389D8f72DE2CdAf1126F36EA4790E2275e,"[{""aprType"":""SINGLE"",""apr"":17.9781,""aprMetadata"":""0x87272614b7a2022c31ddd7bba8eb21d5ab40a6bcbea671264d59dc732053721d""}]","{""apr"":17.9781,""aprType"":""SINGLE""}",71858.35960738809,71858.35960738809,"",AccrueInterest,17.9781,1.059388,1770880740.0,"",0x9c59a9389d8f72de2cdaf1126f36ea4790e2275e,0x4da918f10655a64af6d90f426cb84aff30eda9e6e74e1108ac5d79341e5601c8,27070396,999,MetaMorpho,35,INFO,0x1589d805c20675eaec8d3d0fe7b08321d49ed1f36577dbadbaddf3a041d16b9b,5,morpho_felix_usdhl_999_market_0x872726,2026-02-12T07:19:00.000000+0000,0x87272614b7a2022c31ddd7bba8eb21d5ab40a6bcbea671264d59dc732053721d,Felix USDhl - Market 0x872726,MorphoMarket,""
0x9c59a9389D8f72DE2CdAf1126F36EA4790E2275e,"[{""aprType"":""SINGLE"",""apr"":0.0512,""aprMetadata"":""0x1f79fe1822f6bfe7a70f8e7e5e768efd0c3f10db52af97c2f14e4b71e3130e70""}]","{""apr"":0.0512,""aprType"":""SINGLE""}",368863.1474352454,368863.1474352454,"",AccrueInterest,0.05120000000000001,1.059388,1770880740.0,"",0x9c59a9389d8f72de2cdaf1126f36ea4790e2275e,0x4da918f10655a64af6d90f426cb84aff30eda9e6e74e1108ac5d79341e5601c8,27070396,999,MetaMorpho,35,INFO,0x1589d805c20675eaec8d3d0fe7b08321d49ed1f36577dbadbaddf3a041d16b9b,5,morpho_felix_usdhl_999_market_0x1f79fe,2026-02-12T07:19:00.000000+0000,0x1f79fe1822f6bfe7a70f8e7e5e768efd0c3f10db52af97c2f14e4b71e3130e70,Felix USDhl - Market 0x1f79fe,MorphoMarket,""
0x9c59a9389D8f72DE2CdAf1126F36EA4790E2275e,"[{""aprType"":""SINGLE"",""apr"":10.4315,""aprMetadata"":""0xc0a3063a0a7755b7d58642e9a6d3be1c05bc974665ef7d3b158784348d4e17c5""}]","{""apr"":10.4315,""aprType"":""SINGLE""}",72704.42448129518,72704.42448129518,"",AccrueInterest,10.4315,1.059388,1770880740.0,"",0x9c59a9389d8f72de2cdaf1126f36ea4790e2275e,0x4da918f10655a64af6d90f426cb84aff30eda9e6e74e1108ac5d79341e5601c8,27070396,999,MetaMorpho,35,INFO,0x1589d805c20675eaec8d3d0fe7b08321d49ed1f36577dbadbaddf3a041d16b9b,5,morpho_felix_usdhl_999_market_0xc0a306,2026-02-12T07:19:00.000000+0000,0xc0a3063a0a7755b7d58642e9a6d3be1c05bc974665ef7d3b158784348d4e17c5,Felix USDhl - Market 0xc0a306,MorphoMarket,""
0x53A333e51E96FE288bC9aDd7cdC4B1EAD2CD2FfA,"[{""aprType"":""SINGLE"",""apr"":2.2288,""aprMetadata"":""0xb39e45107152f02502c001a46e2d3513f429d2363323cdaffbc55a951a69b998""}]","{""apr"":2.2288,""aprType"":""SINGLE""}",7.562166756674724,7.562166756674724,"",AccrueInterest,2.2288,1.043825,1767714468.0,"",0x53a333e51e96fe288bc9add7cdc4b1ead2cd2ffa,0xec3705d2cd18a33001e06f8b5fc0fa3a80c3da29298dd1067fd67708d9843745,23851713,999,MetaMorpho,5,INFO,0x514efc2dd6018f0c350ef48a662f9847b64396dc9b211e183b8f7a7011f01494,1,morpho_gauntlet_usdt0_vault_999_market_0xb39e45,2026-01-06T15:47:48.000000+0000,0xb39e45107152f02502c001a46e2d3513f429d2363323cdaffbc55a951a69b998,Gauntlet USDT0 Vault - Market 0xb39e45,MorphoMarket,""
0xe5ADd96840F0B908ddeB3Bd144C0283Ac5ca7cA0,"[{""aprType"":""SINGLE"",""apr"":0,""aprMetadata"":""0x1c6b87ae1b97071ef444eedcba9f5a92cfe974edbbcaa1946644fc7ab0e283af""}]","{""apr"":0,""aprType"":""SINGLE""}",64428.100745,64428.100745,"",AccrueInterest,0.0,1.042592,1767714477.0,"",0xe5add96840f0b908ddeb3bd144c0283ac5ca7ca0,0x33b921deb0c9bac2618302e650f29d869625f172e5547ecc633753ee71cb762d,23851722,999,MetaMorpho,5,INFO,0xe01ad12d753412654596af49dc225b2a7daeb69082b3cf1ba8f13227233c9a98,0,morpho_hyperithm_usdt0_999_market_0x1c6b87,2026-01-06T15:47:57.000000+0000,0x1c6b87ae1b97071ef444eedcba9f5a92cfe974edbbcaa1946644fc7ab0e283af,Hyperithm USDT0 - Market 0x1c6b87,MorphoMarket,""
0xe5ADd96840F0B908ddeB3Bd144C0283Ac5ca7cA0,"[{""aprType"":""SINGLE"",""apr"":94.0485,""aprMetadata"":""0xa24d04c3aff60d49b3475f0084334546cbf66182e788b6bf173e6f9990b2c816""}]","{""apr"":94.0485,""aprType"":""SINGLE""}",1.6229646874294942e-7,1.6229646874294942e-7,"",AccrueInterest,94.0485,1.042592,1767714477.0,"",0xe5add96840f0b908ddeb3bd144c0283ac5ca7ca0,0x33b921deb0c9bac2618302e650f29d869625f172e5547ecc633753ee71cb762d,23851722,999,MetaMorpho,5,INFO,0xe01ad12d753412654596af49dc225b2a7daeb69082b3cf1ba8f13227233c9a98,0,morpho_hyperithm_usdt0_999_market_0xa24d04,2026-01-06T15:47:57.000000+0000,0xa24d04c3aff60d49b3475f0084334546cbf66182e788b6bf173e6f9990b2c816,Hyperithm USDT0 - Market 0xa24d04,MorphoMarket,""
0xe5ADd96840F0B908ddeB3Bd144C0283Ac5ca7cA0,"[{""aprType"":""SINGLE"",""apr"":2.932,""aprMetadata"":""0xb5b575e402c7c19def8661069c39464c8bf3297b638e64d841b09a4eb2807de5""}]","{""apr"":2.932,""aprType"":""SINGLE""}",8.416507077267417e-7,8.416507077267417e-7,"",AccrueInterest,2.9320000000000004,1.042592,1767714477.0,"",0xe5add96840f0b908ddeb3bd144c0283ac5ca7ca0,0x33b921deb0c9bac2618302e650f29d869625f172e5547ecc633753ee71cb762d,23851722,999,MetaMorpho,5,INFO,0xe01ad12d753412654596af49dc225b2a7daeb69082b3cf1ba8f13227233c9a98,0,morpho_hyperithm_usdt0_999_market_0xb5b575,2026-01-06T15:47:57.000000+0000,0xb5b575e402c7c19def8661069c39464c8bf3297b638e64d841b09a4eb2807de5,Hyperithm USDT0 - Market 0xb5b575,MorphoMarket,""
0xe5ADd96840F0B908ddeB3Bd144C0283Ac5ca7cA0,"[{""aprType"":""SINGLE"",""apr"":0,""aprMetadata"":""0xebeabb17bd69d4b8ed6929a821d69478b564f4cc604d0995944c9da8b5cb3f04""}]","{""apr"":0,""aprType"":""SINGLE""}",0.0,0.0,"",AccrueInterest,0.0,1.042592,1767714477.0,"",0xe5add96840f0b908ddeb3bd144c0283ac5ca7ca0,0x33b921deb0c9bac2618302e650f29d869625f172e5547ecc633753ee71cb762d,23851722,999,MetaMorpho,5,INFO,0xe01ad12d753412654596af49dc225b2a7daeb69082b3cf1ba8f13227233c9a98,0,morpho_hyperithm_usdt0_999_market_0xebeabb,2026-01-06T15:47:57.000000+0000,0xebeabb17bd69d4b8ed6929a821d69478b564f4cc604d0995944c9da8b5cb3f04,Hyperithm USDT0 - Market 0xebeabb,MorphoMarket,""
0xe5ADd96840F0B908ddeB3Bd144C0283Ac5ca7cA0,"[{""aprType"":""SINGLE"",""apr"":10.3495,""aprMetadata"":""0x31aaa663d718e83ea15326ec110c4bcf5e123585d0b6c4d0ad61a50c4aa65b1e""}]","{""apr"":10.3495,""aprType"":""SINGLE""}",72107.1645296033,72107.1645296033,"",AccrueInterest,10.3495,1.042592,1767714477.0,"",0xe5add96840f0b908ddeb3bd144c0283ac5ca7ca0,0x33b921deb0c9bac2618302e650f29d869625f172e5547ecc633753ee71cb762d,23851722,999,MetaMorpho,5,INFO,0xe01ad12d753412654596af49dc225b2a7daeb69082b3cf1ba8f13227233c9a98,0,morpho_hyperithm_usdt0_999_market_0x31aaa6,2026-01-06T15:47:57.000000+0000,0x31aaa663d718e83ea15326ec110c4bcf5e123585d0b6c4d0ad61a50c4aa65b1e,Hyperithm USDT0 - Market 0x31aaa6,MorphoMarket,""
0xe5ADd96840F0B908ddeB3Bd144C0283Ac5ca7cA0,"[{""aprType"":""SINGLE"",""apr"":8.0193,""aprMetadata"":""0x2acd218c67daa94dd2f92e81f477ffc9f8507319f0f2d698eae5ed631ae14039""}]","{""apr"":8.0193,""aprType"":""SINGLE""}",5.81142197534214e-7,5.81142197534214e-7,"",AccrueInterest,8.0193,1.042592,1767714477.0,"",0xe5add96840f0b908ddeb3bd144c0283ac5ca7ca0,0x33b921deb0c9bac2618302e650f29d869625f172e5547ecc633753ee71cb762d,23851722,999,MetaMorpho,5,INFO,0xe01ad12d753412654596af49dc225b2a7daeb69082b3cf1ba8f13227233c9a98,0,morpho_hyperithm_usdt0_999_market_0x2acd21,2026-01-06T15:47:57.000000+0000,0x2acd218c67daa94dd2f92e81f477ffc9f8507319f0f2d698eae5ed631ae14039,Hyperithm USDT0 - Market 0x2acd21,MorphoMarket,""
0xe5ADd96840F0B908ddeB3Bd144C0283Ac5ca7cA0,"[{""aprType"":""SINGLE"",""apr"":19.8499,""aprMetadata"":""0x8eb8cfe3b1ac8f653608ae09fb099263fa2fe25d4a59305c309937292c2aeee9""}]","{""apr"":19.8499,""aprType"":""SINGLE""}",1.1267087726220153e-7,1.1267087726220153e-7,"",AccrueInterest,19.8499,1.042592,1767714477.0,"",0xe5add96840f0b908ddeb3bd144c0283ac5ca7ca0,0x33b921deb0c9bac2618302e650f29d869625f172e5547ecc633753ee71cb762d,23851722,999,MetaMorpho,5,INFO,0xe01ad12d753412654596af49dc225b2a7daeb69082b3cf1ba8f13227233c9a98,0,morpho_hyperithm_usdt0_999_market_0x8eb8cf,2026-01-06T15:47:57.000000+0000,0x8eb8cfe3b1ac8f653608ae09fb099263fa2fe25d4a59305c309937292c2aeee9,Hyperithm USDT0 - Market 0x8eb8cf,MorphoMarket,""
0xe5ADd96840F0B908ddeB3Bd144C0283Ac5ca7cA0,"[{""aprType"":""SINGLE"",""apr"":28.2492,""aprMetadata"":""0x0ecf5be1fadf4bec3f79ce196f02a327b507b34d230c0f033f4970b1b510119c""}]","{""apr"":28.2492,""aprType"":""SINGLE""}",3.31319472155406e-7,3.31319472155406e-7,"",AccrueInterest,28.2492,1.042592,1767714477.0,"",0xe5add96840f0b908ddeb3bd144c0283ac5ca7ca0,0x33b921deb0c9bac2618302e650f29d869625f172e5547ecc633753ee71cb762d,23851722,999,MetaMorpho,5,INFO,0xe01ad12d753412654596af49dc225b2a7daeb69082b3cf1ba8f13227233c9a98,0,morpho_hyperithm_usdt0_999_market_0x0ecf5b,2026-01-06T15:47:57.000000+0000,0x0ecf5be1fadf4bec3f79ce196f02a327b507b34d230c0f033f4970b1b510119c,Hyperithm USDT0 - Market 0x0ecf5b,MorphoMarket,""
0xe5ADd96840F0B908ddeB3Bd144C0283Ac5ca7cA0,"[{""aprType"":""SINGLE"",""apr"":3.1926,""aprMetadata"":""0xfbe436e9aa361487f0c3e4ff94c88aea72887a4482c6b8bcfec60a8584cdb05e""}]","{""apr"":3.1926,""aprType"":""SINGLE""}",69899.66414630222,69899.66414630222,"",AccrueInterest,3.1926,1.042592,1767714477.0,"",0xe5add96840f0b908ddeb3bd144c0283ac5ca7ca0,0x33b921deb0c9bac2618302e650f29d869625f172e5547ecc633753ee71cb762d,23851722,999,MetaMorpho,5,INFO,0xe01ad12d753412654596af49dc225b2a7daeb69082b3cf1ba8f13227233c9a98,0,morpho_hyperithm_usdt0_999_market_0xfbe436,2026-01-06T15:47:57.000000+0000,0xfbe436e9aa361487f0c3e4ff94c88aea72887a4482c6b8bcfec60a8584cdb05e,Hyperithm USDT0 - Market 0xfbe436,MorphoMarket,""
0xe5ADd96840F0B908ddeB3Bd144C0283Ac5ca7cA0,"[{""aprType"":""SINGLE"",""apr"":3.7539,""aprMetadata"":""0x78f6b57d825ef01a5dc496ad1f426a6375c685047d07a30cd07ac5107ffc7976""}]","{""apr"":3.7539,""aprType"":""SINGLE""}",55000.020277275755,55000.020277275755,"",AccrueInterest,3.7539,1.042592,1767714477.0,"",0xe5add96840f0b908ddeb3bd144c0283ac5ca7ca0,0x33b921deb0c9bac2618302e650f29d869625f172e5547ecc633753ee71cb762d,23851722,999,MetaMorpho,5,INFO,0xe01ad12d753412654596af49dc225b2a7daeb69082b3cf1ba8f13227233c9a98,0,morpho_hyperithm_usdt0_999_market_0x78f6b5,2026-01-06T15:47:57.000000+0000,0x78f6b57d825ef01a5dc496ad1f426a6375c685047d07a30cd07ac5107ffc7976,Hyperithm USDT0 - Market 0x78f6b5,MorphoMarket,""
0xe5ADd96840F0B908ddeB3Bd144C0283Ac5ca7cA0,"[{""aprType"":""SINGLE"",""apr"":5.3214,""aprMetadata"":""0xace279b5c6eff0a1ce7287249369fa6f4d3d32225e1629b04ef308e0eb568fb0""}]","{""apr"":5.3214,""aprType"":""SINGLE""}",95000.39778487786,95000.39778487786,"",AccrueInterest,5.3214,1.042592,1767714477.0,"",0xe5add96840f0b908ddeb3bd144c0283ac5ca7ca0,0x33b921deb0c9bac2618302e650f29d869625f172e5547ecc633753ee71cb762d,23851722,999,MetaMorpho,5,INFO,0xe01ad12d753412654596af49dc225b2a7daeb69082b3cf1ba8f13227233c9a98,0,morpho_hyperithm_usdt0_999_market_0xace279,2026-01-06T15:47:57.000000+0000,0xace279b5c6eff0a1ce7287249369fa6f4d3d32225e1629b04ef308e0eb568fb0,Hyperithm USDT0 - Market 0xace279,MorphoMarket,""
0xe5ADd96840F0B908ddeB3Bd144C0283Ac5ca7cA0,"[{""aprType"":""SINGLE"",""apr"":3.1861,""aprMetadata"":""0x707dddc200e95dc984feb185abf1321cabec8486dca5a9a96fb5202184106e54""}]","{""apr"":3.1861,""aprType"":""SINGLE""}",20000.060622795965,20000.060622795965,"",AccrueInterest,3.1861,1.042592,1767714477.0,"",0xe5add96840f0b908ddeb3bd144c0283ac5ca7ca0,0x33b921deb0c9bac2618302e650f29d869625f172e5547ecc633753ee71cb762d,23851722,999,MetaMorpho,5,INFO,0xe01ad12d753412654596af49dc225b2a7daeb69082b3cf1ba8f13227233c9a98,0,morpho_hyperithm_usdt0_999_market_0x707ddd,2026-01-06T15:47:57.000000+0000,0x707dddc200e95dc984feb185abf1321cabec8486dca5a9a96fb5202184106e54,Hyperithm USDT0 - Market 0x707ddd,MorphoMarket,""
0xe5ADd96840F0B908ddeB3Bd144C0283Ac5ca7cA0,"[{""aprType"":""SINGLE"",""apr"":0.1308,""aprMetadata"":""0x09ed416b38a29e077383da5ae4200523e54e33ecff6e148c2590969a9852513f""}]","{""apr"":0.1308,""aprType"":""SINGLE""}",124.95806529886003,124.95806529886003,"",AccrueInterest,0.1308,1.042592,1767714477.0,"",0xe5add96840f0b908ddeb3bd144c0283ac5ca7ca0,0x33b921deb0c9bac2618302e650f29d869625f172e5547ecc633753ee71cb762d,23851722,999,MetaMorpho,5,INFO,0xe01ad12d753412654596af49dc225b2a7daeb69082b3cf1ba8f13227233c9a98,0,morpho_hyperithm_usdt0_999_market_0x09ed41,2026-01-06T15:47:57.000000+0000,0x09ed416b38a29e077383da5ae4200523e54e33ecff6e148c2590969a9852513f,Hyperithm USDT0 - Market 0x09ed41,MorphoMarket,""
0xe5ADd96840F0B908ddeB3Bd144C0283Ac5ca7cA0,"[{""aprType"":""SINGLE"",""apr"":2.9921,""aprMetadata"":""0xd5c5b5db889eb5d4f4026b9704cddffbc1356732a37c2b543330c10756ae7a18""}]","{""apr"":2.9921,""aprType"":""SINGLE""}",2.884429990644386e-8,2.884429990644386e-8,"",AccrueInterest,2.9921,1.042592,1767714477.0,"",0xe5add96840f0b908ddeb3bd144c0283ac5ca7ca0,0x33b921deb0c9bac2618302e650f29d869625f172e5547ecc633753ee71cb762d,23851722,999,MetaMorpho,5,INFO,0xe01ad12d753412654596af49dc225b2a7daeb69082b3cf1ba8f13227233c9a98,0,morpho_hyperithm_usdt0_999_market_0xd5c5b5,2026-01-06T15:47:57.000000+0000,0xd5c5b5db889eb5d4f4026b9704cddffbc1356732a37c2b543330c10756ae7a18,Hyperithm USDT0 - Market 0xd5c5b5,MorphoMarket,""
0xe5ADd96840F0B908ddeB3Bd144C0283Ac5ca7cA0,"[{""aprType"":""SINGLE"",""apr"":2.9344,""aprMetadata"":""0xd5a9fba2309a0b85972a96f2cc45f9784e786d712944d8fc0b31a6d9cb4f21d3""}]","{""apr"":2.9344,""aprType"":""SINGLE""}",40000.01140489177,40000.01140489177,"",AccrueInterest,2.9344,1.042592,1767714477.0,"",0xe5add96840f0b908ddeb3bd144c0283ac5ca7ca0,0x33b921deb0c9bac2618302e650f29d869625f172e5547ecc633753ee71cb762d,23851722,999,MetaMorpho,5,INFO,0xe01ad12d753412654596af49dc225b2a7daeb69082b3cf1ba8f13227233c9a98,0,morpho_hyperithm_usdt0_999_market_0xd5a9fb,2026-01-06T15:47:57.000000+0000,0xd5a9fba2309a0b85972a96f2cc45f9784e786d712944d8fc0b31a6d9cb4f21d3,Hyperithm USDT0 - Market 0xd5a9fb,MorphoMarket,""
0xe5ADd96840F0B908ddeB3Bd144C0283Ac5ca7cA0,"[{""aprType"":""SINGLE"",""apr"":3.0685,""aprMetadata"":""0xd2e8f6fd195556222d7a0314d4fb93fdf84ae920faaebba6dbcf584ac865e1f5""}]","{""apr"":3.0685,""aprType"":""SINGLE""}",25000.007414836044,25000.007414836044,"",AccrueInterest,3.0685000000000002,1.042592,1767714477.0,"",0xe5add96840f0b908ddeb3bd144c0283ac5ca7ca0,0x33b921deb0c9bac2618302e650f29d869625f172e5547ecc633753ee71cb762d,23851722,999,MetaMorpho,5,INFO,0xe01ad12d753412654596af49dc225b2a7daeb69082b3cf1ba8f13227233c9a98,0,morpho_hyperithm_usdt0_999_market_0xd2e8f6,2026-01-06T15:47:57.000000+0000,0xd2e8f6fd195556222d7a0314d4fb93fdf84ae920faaebba6dbcf584ac865e1f5,Hyperithm USDT0 - Market 0xd2e8f6,MorphoMarket,""
0xe5ADd96840F0B908ddeB3Bd144C0283Ac5ca7cA0,"[{""aprType"":""SINGLE"",""apr"":3.0693,""aprMetadata"":""0xf9f0473b23ebeb82c83078f0f0f77f27ac534c9fb227cb4366e6057b6163ffbf""}]","{""apr"":3.0693,""aprType"":""SINGLE""}",20103.095567209835,20103.095567209835,"",AccrueInterest,3.0693,1.042592,1767714477.0,"",0xe5add96840f0b908ddeb3bd144c0283ac5ca7ca0,0x33b921deb0c9bac2618302e650f29d869625f172e5547ecc633753ee71cb762d,23851722,999,MetaMorpho,5,INFO,0xe01ad12d753412654596af49dc225b2a7daeb69082b3cf1ba8f13227233c9a98,0,morpho_hyperithm_usdt0_999_market_0xf9f047,2026-01-06T15:47:57.000000+0000,0xf9f0473b23ebeb82c83078f0f0f77f27ac534c9fb227cb4366e6057b6163ffbf,Hyperithm USDT0 - Market 0xf9f047,MorphoMarket,""
0xe5ADd96840F0B908ddeB3Bd144C0283Ac5ca7cA0,"[{""aprType"":""SINGLE"",""apr"":3.0665,""aprMetadata"":""0x6eb4ce92dc1d89abd40f9634249ec28e8ab4e3f9bef0ab47ea784773c140d4ef""}]","{""apr"":3.0665,""aprType"":""SINGLE""}",20000.005908079467,20000.005908079467,"",AccrueInterest,3.0665,1.042592,1767714477.0,"",0xe5add96840f0b908ddeb3bd144c0283ac5ca7ca0,0x33b921deb0c9bac2618302e650f29d869625f172e5547ecc633753ee71cb762d,23851722,999,MetaMorpho,5,INFO,0xe01ad12d753412654596af49dc225b2a7daeb69082b3cf1ba8f13227233c9a98,0,morpho_hyperithm_usdt0_999_market_0x6eb4ce,2026-01-06T15:47:57.000000+0000,0x6eb4ce92dc1d89abd40f9634249ec28e8ab4e3f9bef0ab47ea784773c140d4ef,Hyperithm USDT0 - Market 0x6eb4ce,MorphoMarket,""
0x3Bcc0a5a66bB5BdCEEf5dd8a659a4eC75F3834d8,"[{""aprType"":""SINGLE"",""apr"":0,""aprMetadata"":""0x1c6b87ae1b97071ef444eedcba9f5a92cfe974edbbcaa1946644fc7ab0e283af""}]","{""apr"":0,""aprType"":""SINGLE""}",0.0,0.0,"",AccrueInterest,0.0,1.03837,1767714477.0,"",0x3bcc0a5a66bb5bdceef5dd8a659a4ec75f3834d8,0x33b921deb0c9bac2618302e650f29d869625f172e5547ecc633753ee71cb762d,23851722,999,MetaMorpho,17,INFO,0xe01ad12d753412654596af49dc225b2a7daeb69082b3cf1ba8f13227233c9a98,0,morpho_mev_capital_usdt0_999_market_0x1c6b87,2026-01-06T15:47:57.000000+0000,0x1c6b87ae1b97071ef444eedcba9f5a92cfe974edbbcaa1946644fc7ab0e283af,MEV Capital USDT0 - Market 0x1c6b87,MorphoMarket,""
0x3Bcc0a5a66bB5BdCEEf5dd8a659a4eC75F3834d8,"[{""aprType"":""SINGLE"",""apr"":28.2492,""aprMetadata"":""0x0ecf5be1fadf4bec3f79ce196f02a327b507b34d230c0f033f4970b1b510119c""}]","{""apr"":28.2492,""aprType"":""SINGLE""}",0.08596345891063766,0.08596345891063766,"",AccrueInterest,28.2492,1.03837,1767714477.0,"",0x3bcc0a5a66bb5bdceef5dd8a659a4ec75f3834d8,0x33b921deb0c9bac2618302e650f29d869625f172e5547ecc633753ee71cb762d,23851722,999,MetaMorpho,17,INFO,0xe01ad12d753412654596af49dc225b2a7daeb69082b3cf1ba8f13227233c9a98,0,morpho_mev_capital_usdt0_999_market_0x0ecf5b,2026-01-06T15:47:57.000000+0000,0x0ecf5be1fadf4bec3f79ce196f02a327b507b34d230c0f033f4970b1b510119c,MEV Capital USDT0 - Market 0x0ecf5b,MorphoMarket,""
0x3Bcc0a5a66bB5BdCEEf5dd8a659a4eC75F3834d8,"[{""aprType"":""SINGLE"",""apr"":19.8499,""aprMetadata"":""0x8eb8cfe3b1ac8f653608ae09fb099263fa2fe25d4a59305c309937292c2aeee9""}]","{""apr"":19.8499,""aprType"":""SINGLE""}",55084.52862463111,55084.52862463111,"",AccrueInterest,19.8499,1.03837,1767714477.0,"",0x3bcc0a5a66bb5bdceef5dd8a659a4ec75f3834d8,0x33b921deb0c9bac2618302e650f29d869625f172e5547ecc633753ee71cb762d,23851722,999,MetaMorpho,17,INFO,0xe01ad12d753412654596af49dc225b2a7daeb69082b3cf1ba8f13227233c9a98,0,morpho_mev_capital_usdt0_999_market_0x8eb8cf,2026-01-06T15:47:57.000000+0000,0x8eb8cfe3b1ac8f653608ae09fb099263fa2fe25d4a59305c309937292c2aeee9,MEV Capital USDT0 - Market 0x8eb8cf,MorphoMarket,""
0x53A333e51E96FE288bC9aDd7cdC4B1EAD2CD2FfA,"[{""aprType"":""SINGLE"",""apr"":0,""aprMetadata"":""0x1c6b87ae1b97071ef444eedcba9f5a92cfe974edbbcaa1946644fc7ab0e283af""}]","{""apr"":0,""aprType"":""SINGLE""}",0.0,0.0,"",AccrueInterest,0.0,1.043825,1767714484.0,"",0x53a333e51e96fe288bc9add7cdc4b1ead2cd2ffa,0x62fcffd164578f20d92d7cd74ff48fc95df0797260df3dbbc48d63d9ed3015e6,23851730,999,MetaMorpho,5,INFO,0x697e6bedd1d80652ac93e01fb67b2e67bb91c1b64e5fa394d335d14f106c3098,0,morpho_gauntlet_usdt0_vault_999_market_0x1c6b87,2026-01-06T15:48:04.000000+0000,0x1c6b87ae1b97071ef444eedcba9f5a92cfe974edbbcaa1946644fc7ab0e283af,Gauntlet USDT0 Vault - Market 0x1c6b87,MorphoMarket,""
0x53A333e51E96FE288bC9aDd7cdC4B1EAD2CD2FfA,"[{""aprType"":""SINGLE"",""apr"":2.556,""aprMetadata"":""0xb5b575e402c7c19def8661069c39464c8bf3297b638e64d841b09a4eb2807de5""}]","{""apr"":2.556,""aprType"":""SINGLE""}",25810.745015783268,25810.745015783268,"",AccrueInterest,2.556,1.043825,1767714484.0,"",0x53a333e51e96fe288bc9add7cdc4b1ead2cd2ffa,0x62fcffd164578f20d92d7cd74ff48fc95df0797260df3dbbc48d63d9ed3015e6,23851730,999,MetaMorpho,5,INFO,0x697e6bedd1d80652ac93e01fb67b2e67bb91c1b64e5fa394d335d14f106c3098,0,morpho_gauntlet_usdt0_vault_999_market_0xb5b575,2026-01-06T15:48:04.000000+0000,0xb5b575e402c7c19def8661069c39464c8bf3297b638e64d841b09a4eb2807de5,Gauntlet USDT0 Vault - Market 0xb5b575,MorphoMarket,""
0x53A333e51E96FE288bC9aDd7cdC4B1EAD2CD2FfA,"[{""aprType"":""SINGLE"",""apr"":15.9323,""aprMetadata"":""0xa62327642e110efd38ba2d153867a8625c8dc40832e1d211ba4f4151c3de9050""}]","{""apr"":15.9323,""aprType"":""SINGLE""}",108835.30081776438,108835.30081776438,"",AccrueInterest,15.9323,1.043825,1767714484.0,"",0x53a333e51e96fe288bc9add7cdc4b1ead2cd2ffa,0x62fcffd164578f20d92d7cd74ff48fc95df0797260df3dbbc48d63d9ed3015e6,23851730,999,MetaMorpho,5,INFO,0x697e6bedd1d80652ac93e01fb67b2e67bb91c1b64e5fa394d335d14f106c3098,0,morpho_gauntlet_usdt0_vault_999_market_0xa62327,2026-01-06T15:48:04.000000+0000,0xa62327642e110efd38ba2d153867a8625c8dc40832e1d211ba4f4151c3de9050,Gauntlet USDT0 Vault - Market 0xa62327,MorphoMarket,""
0x53A333e51E96FE288bC9aDd7cdC4B1EAD2CD2FfA,"[{""aprType"":""SINGLE"",""apr"":0.4671,""aprMetadata"":""0xd173e9d80aeacac486b46a9a849ecb386cec260cc7dd5be0db3505a0f9f93fb5""}]","{""apr"":0.4671,""aprType"":""SINGLE""}",7.220778562019044e-7,7.220778562019044e-7,"",AccrueInterest,0.46710000000000007,1.043825,1767714484.0,"",0x53a333e51e96fe288bc9add7cdc4b1ead2cd2ffa,0x62fcffd164578f20d92d7cd74ff48fc95df0797260df3dbbc48d63d9ed3015e6,23851730,999,MetaMorpho,5,INFO,0x697e6bedd1d80652ac93e01fb67b2e67bb91c1b64e5fa394d335d14f106c3098,0,morpho_gauntlet_usdt0_vault_999_market_0xd173e9,2026-01-06T15:48:04.000000+0000,0xd173e9d80aeacac486b46a9a849ecb386cec260cc7dd5be0db3505a0f9f93fb5,Gauntlet USDT0 Vault - Market 0xd173e9,MorphoMarket,""
0x53A333e51E96FE288bC9aDd7cdC4B1EAD2CD2FfA,"[{""aprType"":""SINGLE"",""apr"":3.7294,""aprMetadata"":""0xc5526286d537c890fdd879d17d80c4a22dc7196c1e1fff0dd6c853692a759c62""}]","{""apr"":3.7294,""aprType"":""SINGLE""}",3797.2932854104088,3797.2932854104088,"",AccrueInterest,3.7294,1.043825,1767714484.0,"",0x53a333e51e96fe288bc9add7cdc4b1ead2cd2ffa,0x62fcffd164578f20d92d7cd74ff48fc95df0797260df3dbbc48d63d9ed3015e6,23851730,999,MetaMorpho,5,INFO,0x697e6bedd1d80652ac93e01fb67b2e67bb91c1b64e5fa394d335d14f106c3098,0,morpho_gauntlet_usdt0_vault_999_market_0xc55262,2026-01-06T15:48:04.000000+0000,0xc5526286d537c890fdd879d17d80c4a22dc7196c1e1fff0dd6c853692a759c62,Gauntlet USDT0 Vault - Market 0xc55262,MorphoMarket,""
0x53A333e51E96FE288bC9aDd7cdC4B1EAD2CD2FfA,"[{""aprType"":""SINGLE"",""apr"":0,""aprMetadata"":""0xace279b5c6eff0a1ce7287249369fa6f4d3d32225e1629b04ef308e0eb568fb0""}]","{""apr"":0,""aprType"":""SINGLE""}",0.0,0.0,"",AccrueInterest,0.0,1.043825,1767714484.0,"",0x53a333e51e96fe288bc9add7cdc4b1ead2cd2ffa,0x62fcffd164578f20d92d7cd74ff48fc95df0797260df3dbbc48d63d9ed3015e6,23851730,999,MetaMorpho,5,INFO,0x697e6bedd1d80652ac93e01fb67b2e67bb91c1b64e5fa394d335d14f106c3098,0,morpho_gauntlet_usdt0_vault_999_market_0xace279,2026-01-06T15:48:04.000000+0000,0xace279b5c6eff0a1ce7287249369fa6f4d3d32225e1629b04ef308e0eb568fb0,Gauntlet USDT0 Vault - Market 0xace279,MorphoMarket,""
0x53A333e51E96FE288bC9aDd7cdC4B1EAD2CD2FfA,"[{""aprType"":""SINGLE"",""apr"":3.765,""aprMetadata"":""0x78f6b57d825ef01a5dc496ad1f426a6375c685047d07a30cd07ac5107ffc7976""}]","{""apr"":3.765,""aprType"":""SINGLE""}",32530.881711932267,32530.881711932267,"",AccrueInterest,3.765,1.043825,1767714484.0,"",0x53a333e51e96fe288bc9add7cdc4b1ead2cd2ffa,0x62fcffd164578f20d92d7cd74ff48fc95df0797260df3dbbc48d63d9ed3015e6,23851730,999,MetaMorpho,5,INFO,0x697e6bedd1d80652ac93e01fb67b2e67bb91c1b64e5fa394d335d14f106c3098,0,morpho_gauntlet_usdt0_vault_999_market_0x78f6b5,2026-01-06T15:48:04.000000+0000,0x78f6b57d825ef01a5dc496ad1f426a6375c685047d07a30cd07ac5107ffc7976,Gauntlet USDT0 Vault - Market 0x78f6b5,MorphoMarket,""
0x53A333e51E96FE288bC9aDd7cdC4B1EAD2CD2FfA,"[{""aprType"":""SINGLE"",""apr"":3.1985,""aprMetadata"":""0x707dddc200e95dc984feb185abf1321cabec8486dca5a9a96fb5202184106e54""}]","{""apr"":3.1985,""aprType"":""SINGLE""}",334663.6069089995,334663.6069089995,"",AccrueInterest,3.1985,1.043825,1767714484.0,"",0x53a333e51e96fe288bc9add7cdc4b1ead2cd2ffa,0x62fcffd164578f20d92d7cd74ff48fc95df0797260df3dbbc48d63d9ed3015e6,23851730,999,MetaMorpho,5,INFO,0x697e6bedd1d80652ac93e01fb67b2e67bb91c1b64e5fa394d335d14f106c3098,0,morpho_gauntlet_usdt0_vault_999_market_0x707ddd,2026-01-06T15:48:04.000000+0000,0x707dddc200e95dc984feb185abf1321cabec8486dca5a9a96fb5202184106e54,Gauntlet USDT0 Vault - Market 0x707ddd,MorphoMarket,""
0x53A333e51E96FE288bC9aDd7cdC4B1EAD2CD2FfA,"[{""aprType"":""SINGLE"",""apr"":2.2288,""aprMetadata"":""0xb39e45107152f02502c001a46e2d3513f429d2363323cdaffbc55a951a69b998""}]","{""apr"":2.2288,""aprType"":""SINGLE""}",7.562166756674724,7.562166756674724,"",AccrueInterest,2.2288,1.043825,1767714484.0,"",0x53a333e51e96fe288bc9add7cdc4b1ead2cd2ffa,0x62fcffd164578f20d92d7cd74ff48fc95df0797260df3dbbc48d63d9ed3015e6,23851730,999,MetaMorpho,5,INFO,0x697e6bedd1d80652ac93e01fb67b2e67bb91c1b64e5fa394d335d14f106c3098,0,morpho_gauntlet_usdt0_vault_999_market_0xb39e45,2026-01-06T15:48:04.000000+0000,0xb39e45107152f02502c001a46e2d3513f429d2363323cdaffbc55a951a69b998,Gauntlet USDT0 Vault - Market 0xb39e45,MorphoMarket,""
0xe5ADd96840F0B908ddeB3Bd144C0283Ac5ca7cA0,"[{""aprType"":""SINGLE"",""apr"":0,""aprMetadata"":""0x1c6b87ae1b97071ef444eedcba9f5a92cfe974edbbcaa1946644fc7ab0e283af""}]","{""apr"":0,""aprType"":""SINGLE""}",15006.362989,15006.362989,"",AccrueInterest,0.0,1.042592,1767714484.0,"",0xe5add96840f0b908ddeb3bd144c0283ac5ca7ca0,0x62fcffd164578f20d92d7cd74ff48fc95df0797260df3dbbc48d63d9ed3015e6,23851730,999,MetaMorpho,33,INFO,0x697e6bedd1d80652ac93e01fb67b2e67bb91c1b64e5fa394d335d14f106c3098,0,morpho_hyperithm_usdt0_999_market_0x1c6b87,2026-01-06T15:48:04.000000+0000,0x1c6b87ae1b97071ef444eedcba9f5a92cfe974edbbcaa1946644fc7ab0e283af,Hyperithm USDT0 - Market 0x1c6b87,MorphoMarket,""
0xe5ADd96840F0B908ddeB3Bd144C0283Ac5ca7cA0,"[{""aprType"":""SINGLE"",""apr"":94.0485,""aprMetadata"":""0xa24d04c3aff60d49b3475f0084334546cbf66182e788b6bf173e6f9990b2c816""}]","{""apr"":94.0485,""aprType"":""SINGLE""}",1.6229646874294942e-7,1.6229646874294942e-7,"",AccrueInterest,94.0485,1.042592,1767714484.0,"",0xe5add96840f0b908ddeb3bd144c0283ac5ca7ca0,0x62fcffd164578f20d92d7cd74ff48fc95df0797260df3dbbc48d63d9ed3015e6,23851730,999,MetaMorpho,33,INFO,0x697e6bedd1d80652ac93e01fb67b2e67bb91c1b64e5fa394d335d14f106c3098,0,morpho_hyperithm_usdt0_999_market_0xa24d04,2026-01-06T15:48:04.000000+0000,0xa24d04c3aff60d49b3475f0084334546cbf66182e788b6bf173e6f9990b2c816,Hyperithm USDT0 - Market 0xa24d04,MorphoMarket,""
0xe5ADd96840F0B908ddeB3Bd144C0283Ac5ca7cA0,"[{""aprType"":""SINGLE"",""apr"":3.1328,""aprMetadata"":""0xb5b575e402c7c19def8661069c39464c8bf3297b638e64d841b09a4eb2807de5""}]","{""apr"":3.1328,""aprType"":""SINGLE""}",5000.000015392929,5000.000015392929,"",AccrueInterest,3.1328,1.042592,1767714484.0,"",0xe5add96840f0b908ddeb3bd144c0283ac5ca7ca0,0x62fcffd164578f20d92d7cd74ff48fc95df0797260df3dbbc48d63d9ed3015e6,23851730,999,MetaMorpho,33,INFO,0x697e6bedd1d80652ac93e01fb67b2e67bb91c1b64e5fa394d335d14f106c3098,0,morpho_hyperithm_usdt0_999_market_0xb5b575,2026-01-06T15:48:04.000000+0000,0xb5b575e402c7c19def8661069c39464c8bf3297b638e64d841b09a4eb2807de5,Hyperithm USDT0 - Market 0xb5b575,MorphoMarket,""
0xe5ADd96840F0B908ddeB3Bd144C0283Ac5ca7cA0,"[{""aprType"":""SINGLE"",""apr"":0,""aprMetadata"":""0xebeabb17bd69d4b8ed6929a821d69478b564f4cc604d0995944c9da8b5cb3f04""}]","{""apr"":0,""aprType"":""SINGLE""}",0.0,0.0,"",AccrueInterest,0.0,1.042592,1767714484.0,"",0xe5add96840f0b908ddeb3bd144c0283ac5ca7ca0,0x62fcffd164578f20d92d7cd74ff48fc95df0797260df3dbbc48d63d9ed3015e6,23851730,999,MetaMorpho,33,INFO,0x697e6bedd1d80652ac93e01fb67b2e67bb91c1b64e5fa394d335d14f106c3098,0,morpho_hyperithm_usdt0_999_market_0xebeabb,2026-01-06T15:48:04.000000+0000,0xebeabb17bd69d4b8ed6929a821d69478b564f4cc604d0995944c9da8b5cb3f04,Hyperithm USDT0 - Market 0xebeabb,MorphoMarket,""
0xe5ADd96840F0B908ddeB3Bd144C0283Ac5ca7cA0,"[{""aprType"":""SINGLE"",""apr"":10.2504,""aprMetadata"":""0x31aaa663d718e83ea15326ec110c4bcf5e123585d0b6c4d0ad61a50c4aa65b1e""}]","{""apr"":10.2504,""aprType"":""SINGLE""}",74100.75294635714,74100.75294635714,"",AccrueInterest,10.2504,1.042592,1767714484.0,"",0xe5add96840f0b908ddeb3bd144c0283ac5ca7ca0,0x62fcffd164578f20d92d7cd74ff48fc95df0797260df3dbbc48d63d9ed3015e6,23851730,999,MetaMorpho,33,INFO,0x697e6bedd1d80652ac93e01fb67b2e67bb91c1b64e5fa394d335d14f106c3098,0,morpho_hyperithm_usdt0_999_market_0x31aaa6,2026-01-06T15:48:04.000000+0000,0x31aaa663d718e83ea15326ec110c4bcf5e123585d0b6c4d0ad61a50c4aa65b1e,Hyperithm USDT0 - Market 0x31aaa6,MorphoMarket,""
0xe5ADd96840F0B908ddeB3Bd144C0283Ac5ca7cA0,"[{""aprType"":""SINGLE"",""apr"":8.0193,""aprMetadata"":""0x2acd218c67daa94dd2f92e81f477ffc9f8507319f0f2d698eae5ed631ae14039""}]","{""apr"":8.0193,""aprType"":""SINGLE""}",5.81142197534214e-7,5.81142197534214e-7,"",AccrueInterest,8.0193,1.042592,1767714484.0,"",0xe5add96840f0b908ddeb3bd144c0283ac5ca7ca0,0x62fcffd164578f20d92d7cd74ff48fc95df0797260df3dbbc48d63d9ed3015e6,23851730,999,MetaMorpho,33,INFO,0x697e6bedd1d80652ac93e01fb67b2e67bb91c1b64e5fa394d335d14f106c3098,0,morpho_hyperithm_usdt0_999_market_0x2acd21,2026-01-06T15:48:04.000000+0000,0x2acd218c67daa94dd2f92e81f477ffc9f8507319f0f2d698eae5ed631ae14039,Hyperithm USDT0 - Market 0x2acd21,MorphoMarket,""
0xe5ADd96840F0B908ddeB3Bd144C0283Ac5ca7cA0,"[{""aprType"":""SINGLE"",""apr"":19.8215,""aprMetadata"":""0x8eb8cfe3b1ac8f653608ae09fb099263fa2fe25d4a59305c309937292c2aeee9""}]","{""apr"":19.8215,""aprType"":""SINGLE""}",1.1267091667406389e-7,1.1267091667406389e-7,"",AccrueInterest,19.8215,1.042592,1767714484.0,"",0xe5add96840f0b908ddeb3bd144c0283ac5ca7ca0,0x62fcffd164578f20d92d7cd74ff48fc95df0797260df3dbbc48d63d9ed3015e6,23851730,999,MetaMorpho,33,INFO,0x697e6bedd1d80652ac93e01fb67b2e67bb91c1b64e5fa394d335d14f106c3098,0,morpho_hyperithm_usdt0_999_market_0x8eb8cf,2026-01-06T15:48:04.000000+0000,0x8eb8cfe3b1ac8f653608ae09fb099263fa2fe25d4a59305c309937292c2aeee9,Hyperithm USDT0 - Market 0x8eb8cf,MorphoMarket,""
0xe5ADd96840F0B908ddeB3Bd144C0283Ac5ca7cA0,"[{""aprType"":""SINGLE"",""apr"":28.2492,""aprMetadata"":""0x0ecf5be1fadf4bec3f79ce196f02a327b507b34d230c0f033f4970b1b510119c""}]","{""apr"":28.2492,""aprType"":""SINGLE""}",3.31319472155406e-7,3.31319472155406e-7,"",AccrueInterest,28.2492,1.042592,1767714484.0,"",0xe5add96840f0b908ddeb3bd144c0283ac5ca7ca0,0x62fcffd164578f20d92d7cd74ff48fc95df0797260df3dbbc48d63d9ed3015e6,23851730,999,MetaMorpho,33,INFO,0x697e6bedd1d80652ac93e01fb67b2e67bb91c1b64e5fa394d335d14f106c3098,0,morpho_hyperithm_usdt0_999_market_0x0ecf5b,2026-01-06T15:48:04.000000+0000,0x0ecf5be1fadf4bec3f79ce196f02a327b507b34d230c0f033f4970b1b510119c,Hyperithm USDT0 - Market 0x0ecf5b,MorphoMarket,""
0xe5ADd96840F0B908ddeB3Bd144C0283Ac5ca7cA0,"[{""aprType"":""SINGLE"",""apr"":3.0863,""aprMetadata"":""0xfbe436e9aa361487f0c3e4ff94c88aea72887a4482c6b8bcfec60a8584cdb05e""}]","{""apr"":3.0863,""aprType"":""SINGLE""}",85000.00000049375,85000.00000049375,"",AccrueInterest,3.0863,1.042592,1767714484.0,"",0xe5add96840f0b908ddeb3bd144c0283ac5ca7ca0,0x62fcffd164578f20d92d7cd74ff48fc95df0797260df3dbbc48d63d9ed3015e6,23851730,999,MetaMorpho,33,INFO,0x697e6bedd1d80652ac93e01fb67b2e67bb91c1b64e5fa394d335d14f106c3098,0,morpho_hyperithm_usdt0_999_market_0xfbe436,2026-01-06T15:48:04.000000+0000,0xfbe436e9aa361487f0c3e4ff94c88aea72887a4482c6b8bcfec60a8584cdb05e,Hyperithm USDT0 - Market 0xfbe436,MorphoMarket,""
0xe5ADd96840F0B908ddeB3Bd144C0283Ac5ca7cA0,"[{""aprType"":""SINGLE"",""apr"":3.8182,""aprMetadata"":""0x78f6b57d825ef01a5dc496ad1f426a6375c685047d07a30cd07ac5107ffc7976""}]","{""apr"":3.8182,""aprType"":""SINGLE""}",52567.64371330742,52567.64371330742,"",AccrueInterest,3.8182,1.042592,1767714484.0,"",0xe5add96840f0b908ddeb3bd144c0283ac5ca7ca0,0x62fcffd164578f20d92d7cd74ff48fc95df0797260df3dbbc48d63d9ed3015e6,23851730,999,MetaMorpho,33,INFO,0x697e6bedd1d80652ac93e01fb67b2e67bb91c1b64e5fa394d335d14f106c3098,0,morpho_hyperithm_usdt0_999_market_0x78f6b5,2026-01-06T15:48:04.000000+0000,0x78f6b57d825ef01a5dc496ad1f426a6375c685047d07a30cd07ac5107ffc7976,Hyperithm USDT0 - Market 0x78f6b5,MorphoMarket,""
0xe5ADd96840F0B908ddeB3Bd144C0283Ac5ca7cA0,"[{""aprType"":""SINGLE"",""apr"":5.3192,""aprMetadata"":""0xace279b5c6eff0a1ce7287249369fa6f4d3d32225e1629b04ef308e0eb568fb0""}]","{""apr"":5.3192,""aprType"":""SINGLE""}",95000.41586767139,95000.41586767139,"",AccrueInterest,5.3192,1.042592,1767714484.0,"",0xe5add96840f0b908ddeb3bd144c0283ac5ca7ca0,0x62fcffd164578f20d92d7cd74ff48fc95df0797260df3dbbc48d63d9ed3015e6,23851730,999,MetaMorpho,33,INFO,0x697e6bedd1d80652ac93e01fb67b2e67bb91c1b64e5fa394d335d14f106c3098,0,morpho_hyperithm_usdt0_999_market_0xace279,2026-01-06T15:48:04.000000+0000,0xace279b5c6eff0a1ce7287249369fa6f4d3d32225e1629b04ef308e0eb568fb0,Hyperithm USDT0 - Market 0xace279,MorphoMarket,""
0xe5ADd96840F0B908ddeB3Bd144C0283Ac5ca7cA0,"[{""aprType"":""SINGLE"",""apr"":3.1985,""aprMetadata"":""0x707dddc200e95dc984feb185abf1321cabec8486dca5a9a96fb5202184106e54""}]","{""apr"":3.1985,""aprType"":""SINGLE""}",15000.000000420754,15000.000000420754,"",AccrueInterest,3.1985,1.042592,1767714484.0,"",0xe5add96840f0b908ddeb3bd144c0283ac5ca7ca0,0x62fcffd164578f20d92d7cd74ff48fc95df0797260df3dbbc48d63d9ed3015e6,23851730,999,MetaMorpho,33,INFO,0x697e6bedd1d80652ac93e01fb67b2e67bb91c1b64e5fa394d335d14f106c3098,0,morpho_hyperithm_usdt0_999_market_0x707ddd,2026-01-06T15:48:04.000000+0000,0x707dddc200e95dc984feb185abf1321cabec8486dca5a9a96fb5202184106e54,Hyperithm USDT0 - Market 0x707ddd,MorphoMarket,""
0xe5ADd96840F0B908ddeB3Bd144C0283Ac5ca7cA0,"[{""aprType"":""SINGLE"",""apr"":0.1308,""aprMetadata"":""0x09ed416b38a29e077383da5ae4200523e54e33ecff6e148c2590969a9852513f""}]","{""apr"":0.1308,""aprType"":""SINGLE""}",124.95806529886003,124.95806529886003,"",AccrueInterest,0.1308,1.042592,1767714484.0,"",0xe5add96840f0b908ddeb3bd144c0283ac5ca7ca0,0x62fcffd164578f20d92d7cd74ff48fc95df0797260df3dbbc48d63d9ed3015e6,23851730,999,MetaMorpho,33,INFO,0x697e6bedd1d80652ac93e01fb67b2e67bb91c1b64e5fa394d335d14f106c3098,0,morpho_hyperithm_usdt0_999_market_0x09ed41,2026-01-06T15:48:04.000000+0000,0x09ed416b38a29e077383da5ae4200523e54e33ecff6e148c2590969a9852513f,Hyperithm USDT0 - Market 0x09ed41,MorphoMarket,""
0xe5ADd96840F0B908ddeB3Bd144C0283Ac5ca7cA0,"[{""aprType"":""SINGLE"",""apr"":2.9921,""aprMetadata"":""0xd5c5b5db889eb5d4f4026b9704cddffbc1356732a37c2b543330c10756ae7a18""}]","{""apr"":2.9921,""aprType"":""SINGLE""}",2.884429990644386e-8,2.884429990644386e-8,"",AccrueInterest,2.9921,1.042592,1767714484.0,"",0xe5add96840f0b908ddeb3bd144c0283ac5ca7ca0,0x62fcffd164578f20d92d7cd74ff48fc95df0797260df3dbbc48d63d9ed3015e6,23851730,999,MetaMorpho,33,INFO,0x697e6bedd1d80652ac93e01fb67b2e67bb91c1b64e5fa394d335d14f106c3098,0,morpho_hyperithm_usdt0_999_market_0xd5c5b5,2026-01-06T15:48:04.000000+0000,0xd5c5b5db889eb5d4f4026b9704cddffbc1356732a37c2b543330c10756ae7a18,Hyperithm USDT0 - Market 0xd5c5b5,MorphoMarket,""
0xe5ADd96840F0B908ddeB3Bd144C0283Ac5ca7cA0,"[{""aprType"":""SINGLE"",""apr"":2.9003,""aprMetadata"":""0xd5a9fba2309a0b85972a96f2cc45f9784e786d712944d8fc0b31a6d9cb4f21d3""}]","{""apr"":2.9003,""aprType"":""SINGLE""}",59869.8085023456,59869.8085023456,"",AccrueInterest,2.9003,1.042592,1767714484.0,"",0xe5add96840f0b908ddeb3bd144c0283ac5ca7ca0,0x62fcffd164578f20d92d7cd74ff48fc95df0797260df3dbbc48d63d9ed3015e6,23851730,999,MetaMorpho,33,INFO,0x697e6bedd1d80652ac93e01fb67b2e67bb91c1b64e5fa394d335d14f106c3098,0,morpho_hyperithm_usdt0_999_market_0xd5a9fb,2026-01-06T15:48:04.000000+0000,0xd5a9fba2309a0b85972a96f2cc45f9784e786d712944d8fc0b31a6d9cb4f21d3,Hyperithm USDT0 - Market 0xd5a9fb,MorphoMarket,""
0xe5ADd96840F0B908ddeB3Bd144C0283Ac5ca7cA0,"[{""aprType"":""SINGLE"",""apr"":3.0188,""aprMetadata"":""0xd2e8f6fd195556222d7a0314d4fb93fdf84ae920faaebba6dbcf584ac865e1f5""}]","{""apr"":3.0188,""aprType"":""SINGLE""}",35000.00000030752,35000.00000030752,"",AccrueInterest,3.0188,1.042592,1767714484.0,"",0xe5add96840f0b908ddeb3bd144c0283ac5ca7ca0,0x62fcffd164578f20d92d7cd74ff48fc95df0797260df3dbbc48d63d9ed3015e6,23851730,999,MetaMorpho,33,INFO,0x697e6bedd1d80652ac93e01fb67b2e67bb91c1b64e5fa394d335d14f106c3098,0,morpho_hyperithm_usdt0_999_market_0xd2e8f6,2026-01-06T15:48:04.000000+0000,0xd2e8f6fd195556222d7a0314d4fb93fdf84ae920faaebba6dbcf584ac865e1f5,Hyperithm USDT0 - Market 0xd2e8f6,MorphoMarket,""
0xe5ADd96840F0B908ddeB3Bd144C0283Ac5ca7cA0,"[{""aprType"":""SINGLE"",""apr"":3.0107,""aprMetadata"":""0xf9f0473b23ebeb82c83078f0f0f77f27ac534c9fb227cb4366e6057b6163ffbf""}]","{""apr"":3.0107,""aprType"":""SINGLE""}",30000.000000025415,30000.000000025415,"",AccrueInterest,3.0107,1.042592,1767714484.0,"",0xe5add96840f0b908ddeb3bd144c0283ac5ca7ca0,0x62fcffd164578f20d92d7cd74ff48fc95df0797260df3dbbc48d63d9ed3015e6,23851730,999,MetaMorpho,33,INFO,0x697e6bedd1d80652ac93e01fb67b2e67bb91c1b64e5fa394d335d14f106c3098,0,morpho_hyperithm_usdt0_999_market_0xf9f047,2026-01-06T15:48:04.000000+0000,0xf9f0473b23ebeb82c83078f0f0f77f27ac534c9fb227cb4366e6057b6163ffbf,Hyperithm USDT0 - Market 0xf9f047,MorphoMarket,""
0xe5ADd96840F0B908ddeB3Bd144C0283Ac5ca7cA0,"[{""aprType"":""SINGLE"",""apr"":3.011,""aprMetadata"":""0x6eb4ce92dc1d89abd40f9634249ec28e8ab4e3f9bef0ab47ea784773c140d4ef""}]","{""apr"":3.011,""aprType"":""SINGLE""}",30000.000000302563,30000.000000302563,"",AccrueInterest,3.011,1.042592,1767714484.0,"",0xe5add96840f0b908ddeb3bd144c0283ac5ca7ca0,0x62fcffd164578f20d92d7cd74ff48fc95df0797260df3dbbc48d63d9ed3015e6,23851730,999,MetaMorpho,33,INFO,0x697e6bedd1d80652ac93e01fb67b2e67bb91c1b64e5fa394d335d14f106c3098,0,morpho_hyperithm_usdt0_999_market_0x6eb4ce,2026-01-06T15:48:04.000000+0000,0x6eb4ce92dc1d89abd40f9634249ec28e8ab4e3f9bef0ab47ea784773c140d4ef,Hyperithm USDT0 - Market 0x6eb4ce,MorphoMarket,""
0xe5ADd96840F0B908ddeB3Bd144C0283Ac5ca7cA0,"[{""aprType"":""SINGLE"",""apr"":0,""aprMetadata"":""0x1c6b87ae1b97071ef444eedcba9f5a92cfe974edbbcaa1946644fc7ab0e283af""}]","{""apr"":0,""aprType"":""SINGLE""}",9420.985163,9420.985163,"",AccrueInterest,0.0,1.042592,1767714491.0,"",0xe5add96840f0b908ddeb3bd144c0283ac5ca7ca0,0xed5bc9772aa47e91a41c7ce3c914200b94b5bafed34abcf7ba440402796261f7,23851737,999,MetaMorpho,26,INFO,0xa3391b19e41bad9cb5ad793e4b5491f877c5d99c75dd9157825b92a84fbac68d,3,morpho_hyperithm_usdt0_999_market_0x1c6b87,2026-01-06T15:48:11.000000+0000,0x1c6b87ae1b97071ef444eedcba9f5a92cfe974edbbcaa1946644fc7ab0e283af,Hyperithm USDT0 - Market 0x1c6b87,MorphoMarket,""
0xe5ADd96840F0B908ddeB3Bd144C0283Ac5ca7cA0,"[{""aprType"":""SINGLE"",""apr"":94.0485,""aprMetadata"":""0xa24d04c3aff60d49b3475f0084334546cbf66182e788b6bf173e6f9990b2c816""}]","{""apr"":94.0485,""aprType"":""SINGLE""}",1.6229646874294942e-7,1.6229646874294942e-7,"",AccrueInterest,94.0485,1.042592,1767714491.0,"",0xe5add96840f0b908ddeb3bd144c0283ac5ca7ca0,0xed5bc9772aa47e91a41c7ce3c914200b94b5bafed34abcf7ba440402796261f7,23851737,999,MetaMorpho,26,INFO,0xa3391b19e41bad9cb5ad793e4b5491f877c5d99c75dd9157825b92a84fbac68d,3,morpho_hyperithm_usdt0_999_market_0xa24d04,2026-01-06T15:48:11.000000+0000,0xa24d04c3aff60d49b3475f0084334546cbf66182e788b6bf173e6f9990b2c816,Hyperithm USDT0 - Market 0xa24d04,MorphoMarket,""
0xe5ADd96840F0B908ddeB3Bd144C0283Ac5ca7cA0,"[{""aprType"":""SINGLE"",""apr"":3.1328,""aprMetadata"":""0xb5b575e402c7c19def8661069c39464c8bf3297b638e64d841b09a4eb2807de5""}]","{""apr"":3.1328,""aprType"":""SINGLE""}",5000.000015392929,5000.000015392929,"",AccrueInterest,3.1328,1.042592,1767714491.0,"",0xe5add96840f0b908ddeb3bd144c0283ac5ca7ca0,0xed5bc9772aa47e91a41c7ce3c914200b94b5bafed34abcf7ba440402796261f7,23851737,999,MetaMorpho,26,INFO,0xa3391b19e41bad9cb5ad793e4b5491f877c5d99c75dd9157825b92a84fbac68d,3,morpho_hyperithm_usdt0_999_market_0xb5b575,2026-01-06T15:48:11.000000+0000,0xb5b575e402c7c19def8661069c39464c8bf3297b638e64d841b09a4eb2807de5,Hyperithm USDT0 - Market 0xb5b575,MorphoMarket,""
0xe5ADd96840F0B908ddeB3Bd144C0283Ac5ca7cA0,"[{""aprType"":""SINGLE"",""apr"":0,""aprMetadata"":""0xebeabb17bd69d4b8ed6929a821d69478b564f4cc604d0995944c9da8b5cb3f04""}]","{""apr"":0,""aprType"":""SINGLE""}",0.0,0.0,"",AccrueInterest,0.0,1.042592,1767714491.0,"",0xe5add96840f0b908ddeb3bd144c0283ac5ca7ca0,0xed5bc9772aa47e91a41c7ce3c914200b94b5bafed34abcf7ba440402796261f7,23851737,999,MetaMorpho,26,INFO,0xa3391b19e41bad9cb5ad793e4b5491f877c5d99c75dd9157825b92a84fbac68d,3,morpho_hyperithm_usdt0_999_market_0xebeabb,2026-01-06T15:48:11.000000+0000,0xebeabb17bd69d4b8ed6929a821d69478b564f4cc604d0995944c9da8b5cb3f04,Hyperithm USDT0 - Market 0xebeabb,MorphoMarket,""
