id,vault,vaultDecimals,underlyingDecimals,underlying,vaultName,meta.chain,__genBlockChain__
0x73429B026A39d8F1F3637D419e7945D15fbAEBbC,0x73429B026A39d8F1F3637D419e7945D15fbAEBbC,18.0,6.0,0xB8CE59FC3717ada4C02eaDF9682A9e934F625ebb,Hyperstable USOL/USDT0,999,999
0x4A94CE154637AF4cE1C26E47A2Dcb1a08bf7Bf9B,0x4A94CE154637AF4cE1C26E47A2Dcb1a08bf7Bf9B,18.0,6.0,0xB8CE59FC3717ada4C02eaDF9682A9e934F625ebb,testVaultBigBlock2,999,999
0x7bdB0F32ceE4847407BFd391594E19b23f5519D0,0x7bdB0F32ceE4847407BFd391594E19b23f5519D0,18.0,6.0,0xB8CE59FC3717ada4C02eaDF9682A9e934F625ebb,Yearn Degen USDT0,999,999
0x08C00F8279dFF5B0CB5a04d349E7d79708Ceadf3,0x08C00F8279dFF5B0CB5a04d349E7d79708Ceadf3,18.0,6.0,0xb88339CB7199b77E23DB6E890353E22632Ba630f,Gauntlet USDC,999,999
0x835FEBF893c6DdDee5CF762B0f8e31C5B06938ab,0x835FEBF893c6DdDee5CF762B0f8e31C5B06938ab,18.0,18.0,0x5d3a1Ff2b6BAb83b63cd9AD0787074081a52ef34,Felix USDe,999,999
0x8A862fD6c12f9ad34C9c2ff45AB2b6712e8CEa27,0x8A862fD6c12f9ad34C9c2ff45AB2b6712e8CEa27,18.0,6.0,0xb88339CB7199b77E23DB6E890353E22632Ba630f,Felix USDC,999,999
0xF1995284091039110173965a321f06E0705cC8Be,0xF1995284091039110173965a321f06E0705cC8Be,18.0,6.0,0xb50A96253aBDF803D85efcDce07Ad8becBc52BD5,Gauntlet USDhl Vault,999,999
0x2900ABd73631b2f60747e687095537B673c06A76,0x2900ABd73631b2f60747e687095537B673c06A76,18.0,18.0,0x5555555555555555555555555555555555555555,Felix HYPE,999,999
0x9f6d209C5490127db486dfE2fEEBe5EACB457062,0x9f6d209C5490127db486dfE2fEEBe5EACB457062,18.0,6.0,0xB8CE59FC3717ada4C02eaDF9682A9e934F625ebb,Hyperstable WEETH/USDT0,999,999
0xE25514992597786E07872e6C5517FE1906C0CAdD,0xE25514992597786E07872e6C5517FE1906C0CAdD,18.0,6.0,0xb88339CB7199b77E23DB6E890353E22632Ba630f,GlueX USDC,999,999
0x3c0A76f9B2286E98Cb4911969141129D21C6f658,0x3c0A76f9B2286E98Cb4911969141129D21C6f658,18.0,18.0,0x5555555555555555555555555555555555555555,Vaultik HYPE,999,999
0x5555576F8cb8AFCE7D63A146DA1d60d787B55555,0x5555576F8cb8AFCE7D63A146DA1d60d787B55555,18.0,18.0,0x5555555555555555555555555555555555555555,Morph HYPE,999,999
0x521E0f152a8e0ABCDd1db9808668De46B0a2FF20,0x521E0f152a8e0ABCDd1db9808668De46B0a2FF20,18.0,6.0,0xb50A96253aBDF803D85efcDce07Ad8becBc52BD5,YieldMaxxxy,999,999
0x4A0388A8E1B79A0830fCC5dA68e955406D171787,0x4A0388A8E1B79A0830fCC5dA68e955406D171787,18.0,6.0,0xB8CE59FC3717ada4C02eaDF9682A9e934F625ebb,GOATed Vault,999,999
0xca2fC88299Ee850A2deeA0C5661061179cdFDb85,0xca2fC88299Ee850A2deeA0C5661061179cdFDb85,18.0,6.0,0xb88339CB7199b77E23DB6E890353E22632Ba630f,Steakhouse High Yield USDC,999,999
0x0BD183daf279809ee1AD8cF600004844f5220194,0x0BD183daf279809ee1AD8cF600004844f5220194,18.0,6.0,0xb88339CB7199b77E23DB6E890353E22632Ba630f,test,999,999
0xF0A23671A810995B04A0f3eD08be86797B608D78,0xF0A23671A810995B04A0f3eD08be86797B608D78,18.0,6.0,0xb88339CB7199b77E23DB6E890353E22632Ba630f,Hyperithm USDC,999,999
0x8F9291606862eEf771a97e5B71e4B98fd1Fa216a,0x8F9291606862eEf771a97e5B71e4B98fd1Fa216a,18.0,18.0,0x5555555555555555555555555555555555555555,GlueX HYPE,999,999
0x6d782386851Cf779375ccFBdF92C9E6A38196EF1,0x6d782386851Cf779375ccFBdF92C9E6A38196EF1,18.0,18.0,0x5555555555555555555555555555555555555555,Hyperstable WHYPE/WHYPE,999,999
0x9c59a9389D8f72DE2CdAf1126F36EA4790E2275e,0x9c59a9389D8f72DE2CdAf1126F36EA4790E2275e,18.0,6.0,0xb50A96253aBDF803D85efcDce07Ad8becBc52BD5,Felix USDhl,999,999
0xB6aad92387F62B16dB6FA12C302B0e5724e97F12,0xB6aad92387F62B16dB6FA12C302B0e5724e97F12,18.0,6.0,0xB8CE59FC3717ada4C02eaDF9682A9e934F625ebb,AA Quad USDT0 Vault,999,999
0xF4CFB31c734A4560D074E5ff76Ba438837D29221,0xF4CFB31c734A4560D074E5ff76Ba438837D29221,18.0,6.0,0xB8CE59FC3717ada4C02eaDF9682A9e934F625ebb,Hyperstable UBTC/USDT0,999,999
0x4851D4891321035729713D43bE1F4bb883Dffd34,0x4851D4891321035729713D43bE1F4bb883Dffd34,18.0,6.0,0xb88339CB7199b77E23DB6E890353E22632Ba630f,MEV Capital USDC,999,999
0x63Cf7EE583d9954FeBF649aD1c40C97a6493b1Be,0x63Cf7EE583d9954FeBF649aD1c40C97a6493b1Be,18.0,18.0,0x5d3a1Ff2b6BAb83b63cd9AD0787074081a52ef34,GlueX USDe,999,999
0x1730b28C4Dff6E0b412D873c7Eb03A9FBBc90081,0x1730b28C4Dff6E0b412D873c7Eb03A9FBBc90081,18.0,18.0,0x5555555555555555555555555555555555555555,Hyperstable KHYPE/WHYPE,999,999
0xb000842926737241C903EbD49FbE3AbA37E879b7,0xb000842926737241C903EbD49FbE3AbA37E879b7,18.0,6.0,0xB8CE59FC3717ada4C02eaDF9682A9e934F625ebb,Steakhouse High Yield USDT0,999,999
0x1B6f6CcE3E4DEe2bcd2Ee9D4181544e9c0B8892f,0x1B6f6CcE3E4DEe2bcd2Ee9D4181544e9c0B8892f,18.0,6.0,0xB8CE59FC3717ada4C02eaDF9682A9e934F625ebb,testvault-123123,999,999
0xDCd35A430895cc8961ea0F5B42348609114a9d0c,0xDCd35A430895cc8961ea0F5B42348609114a9d0c,18.0,18.0,0x5555555555555555555555555555555555555555,BabylonDomi,999,999
0xdD1f54B1eDC141f47eC5294AD5Aa62243bfa6D59,0xdD1f54B1eDC141f47eC5294AD5Aa62243bfa6D59,18.0,18.0,0x0aD339d66BF4AeD5ce31c64Bc37B3244b6394A77,MEV Capital USR,999,999
0xe5ADd96840F0B908ddeB3Bd144C0283Ac5ca7cA0,0xe5ADd96840F0B908ddeB3Bd144C0283Ac5ca7cA0,18.0,6.0,0xB8CE59FC3717ada4C02eaDF9682A9e934F625ebb,Hyperithm USDT0,999,999
0xfd7Ce1473a2dac8bb31cB1bBf2F5D7Dd613912B1,0xfd7Ce1473a2dac8bb31cB1bBf2F5D7Dd613912B1,18.0,6.0,0xb88339CB7199b77E23DB6E890353E22632Ba630f,usdc staging,999,999
0x167d573aF30396815E9696D743E8128067C6b4ae,0x167d573aF30396815E9696D743E8128067C6b4ae,18.0,18.0,0x5d3a1Ff2b6BAb83b63cd9AD0787074081a52ef34,Hyperstable HWHLP/USDE,999,999
0x264a06Fd7A7C9E0Bfe75163b475E2A3cc1856578,0x264a06Fd7A7C9E0Bfe75163b475E2A3cc1856578,18.0,18.0,0x5555555555555555555555555555555555555555,Gauntlet WHYPE,999,999
0x2564Af8ffa1f4B24892F8B5Cd91e99Fe8Afae560,0x2564Af8ffa1f4B24892F8B5Cd91e99Fe8Afae560,18.0,6.0,0xB8CE59FC3717ada4C02eaDF9682A9e934F625ebb,Hyperstable WSTHYPE/USDT0,999,999
0xe1C96cE63aa0b59C8D03CC4a33752DE67B944a2E,0xe1C96cE63aa0b59C8D03CC4a33752DE67B944a2E,18.0,18.0,0x5555555555555555555555555555555555555555,Hyperstable WSTHYPE/WHYPE,999,999
0x889d35426F44A06EE89adF1eC4E5A4C9EB50a4f1,0x889d35426F44A06EE89adF1eC4E5A4C9EB50a4f1,18.0,18.0,0x5555555555555555555555555555555555555555,MYRMIDONS WHYPE,999,999
0x8F45b5FD1c4A6a8a85615787D4Da193953960336,0x8F45b5FD1c4A6a8a85615787D4Da193953960336,18.0,6.0,0xB8CE59FC3717ada4C02eaDF9682A9e934F625ebb,MYRMIDONS,999,999
0x8bc48468E3240685D1140e3B72e30d7d548b1Fab,0x8bc48468E3240685D1140e3B72e30d7d548b1Fab,18.0,18.0,0x5d3a1Ff2b6BAb83b63cd9AD0787074081a52ef34,Hyperstable WHLP/USDE,999,999
0x51F64488d03D8B210294dA2BF70D5db0Bc621B0c,0x51F64488d03D8B210294dA2BF70D5db0Bc621B0c,18.0,6.0,0xB8CE59FC3717ada4C02eaDF9682A9e934F625ebb,Re7 USDT0,999,999
0xd50D583B3d193D5407CC200493E6EA71aa4a226E,0xd50D583B3d193D5407CC200493E6EA71aa4a226E,18.0,6.0,0xB8CE59FC3717ada4C02eaDF9682A9e934F625ebb,Hyperstable KHYPE/USDT0,999,999
0xaa1A2518FC8E05341c15e66909843Dc9c9Bd2f40,0xaa1A2518FC8E05341c15e66909843Dc9c9Bd2f40,18.0,18.0,0x5d3a1Ff2b6BAb83b63cd9AD0787074081a52ef34,Hyperstable KHYPE/USDE,999,999
0xe99384669663D03cB9eeA5582cdb18dCE2F10001,0xe99384669663D03cB9eeA5582cdb18dCE2F10001,18.0,6.0,0xB8CE59FC3717ada4C02eaDF9682A9e934F625ebb,Hyperstable UETH/USDT0,999,999
0xFc5126377F0efc0041C0969Ef9BA903Ce67d151e,0xFc5126377F0efc0041C0969Ef9BA903Ce67d151e,18.0,6.0,0xB8CE59FC3717ada4C02eaDF9682A9e934F625ebb,Felix USDT0,999,999
0xB11B2D6C3FAab731aE82F7146BA704D5A7A143F2,0xB11B2D6C3FAab731aE82F7146BA704D5A7A143F2,18.0,6.0,0xB8CE59FC3717ada4C02eaDF9682A9e934F625ebb,Vaultik USD₮0,999,999
0x4DC97f968B0Ba4Edd32D1b9B8Aaf54776c134d42,0x4DC97f968B0Ba4Edd32D1b9B8Aaf54776c134d42,18.0,6.0,0xB8CE59FC3717ada4C02eaDF9682A9e934F625ebb,MYRMIDONS USDT0 PHALANX,999,999
0x66c71204B70aE27BE6dC3eb41F9aF5868E68fDb6,0x66c71204B70aE27BE6dC3eb41F9aF5868E68fDb6,18.0,6.0,0xb50A96253aBDF803D85efcDce07Ad8becBc52BD5,USDhl (Frontier),999,999
0x1629a70aD94E21d9b064E1C9bF0FE92B15E2E61f,0x1629a70aD94E21d9b064E1C9bF0FE92B15E2E61f,18.0,6.0,0xb88339CB7199b77E23DB6E890353E22632Ba630f,Vaultik USDC,999,999
0xd354A0939017c730A86357B4ED2C7Be65f26eF33,0xd354A0939017c730A86357B4ED2C7Be65f26eF33,18.0,6.0,0xB8CE59FC3717ada4C02eaDF9682A9e934F625ebb,Hyperstable HYPE/USDT0,999,999
0x7C4257Df86EB7852e07D30beB31f23F8Cbe18a5a,0x7C4257Df86EB7852e07D30beB31f23F8Cbe18a5a,18.0,6.0,0xB8CE59FC3717ada4C02eaDF9682A9e934F625ebb,testtesttest,999,999
0x808F72b6Ff632fba005C88b49C2a76AB01CAB545,0x808F72b6Ff632fba005C88b49C2a76AB01CAB545,18.0,6.0,0xb88339CB7199b77E23DB6E890353E22632Ba630f,Felix USDC (Frontier),999,999
0xc09bbb2A09F302aE5586cD3F3e8554A575956aC9,0xc09bbb2A09F302aE5586cD3F3e8554A575956aC9,18.0,6.0,0xb50A96253aBDF803D85efcDce07Ad8becBc52BD5,Vaultik USDHL,999,999
0x16a9C065d05383D7e45824849B902331408d0dF6,0x16a9C065d05383D7e45824849B902331408d0dF6,18.0,6.0,0xB8CE59FC3717ada4C02eaDF9682A9e934F625ebb,Hyperstable HWHLP/USDT0,999,999
0x1774dA102D3A1D4b3A8201F1B2f7b57b7a3bd71f,0x1774dA102D3A1D4b3A8201F1B2f7b57b7a3bd71f,18.0,18.0,0x5555555555555555555555555555555555555555,Steakhouse High Yield HYPE,999,999
0xC6f27c0F9497b5eFC1e144e4e609103306c1280A,0xC6f27c0F9497b5eFC1e144e4e609103306c1280A,18.0,18.0,0x5555555555555555555555555555555555555555,Test HYPE,999,999
0xAF4eCbf9C8054046C7cfa39E0915ba3030c8589a,0xAF4eCbf9C8054046C7cfa39E0915ba3030c8589a,18.0,18.0,0x5d3a1Ff2b6BAb83b63cd9AD0787074081a52ef34,Hyperstable WSTHYPE/USDE,999,999
0x5eEC795d919FA97688Fb9844eeB0072E6B846F9d,0x5eEC795d919FA97688Fb9844eeB0072E6B846F9d,18.0,18.0,0x5d3a1Ff2b6BAb83b63cd9AD0787074081a52ef34,Gauntlet USDe Core,999,999
0xd19e3d00f8547f7d108abFD4bbb015486437B487,0xd19e3d00f8547f7d108abFD4bbb015486437B487,18.0,18.0,0x5555555555555555555555555555555555555555,MEV Capital HYPE,999,999
0xa728addEc6cbFf80f6deCEf2DEFc286959eFa6dB,0xa728addEc6cbFf80f6deCEf2DEFc286959eFa6dB,18.0,6.0,0xB8CE59FC3717ada4C02eaDF9682A9e934F625ebb,GTest,999,999
0xd2Af7CA672453604C537ca9D6293b224B7744D7a,0xd2Af7CA672453604C537ca9D6293b224B7744D7a,18.0,18.0,0x0aD339d66BF4AeD5ce31c64Bc37B3244b6394A77,mv,999,999
0x9896a8605763106e57A51aa0a97Fe8099E806bb3,0x9896a8605763106e57A51aa0a97Fe8099E806bb3,18.0,6.0,0xB8CE59FC3717ada4C02eaDF9682A9e934F625ebb,Felix USDT0 (Frontier),999,999
0x182b318A8F1c7C92a7884e469442a610B0e69ed2,0x182b318A8F1c7C92a7884e469442a610B0e69ed2,18.0,18.0,0x5555555555555555555555555555555555555555,Re7 HYPE,999,999
0xD3A9Cb7312B9c29113290758f5ADFe12304cd16A,0xD3A9Cb7312B9c29113290758f5ADFe12304cd16A,18.0,18.0,0x0aD339d66BF4AeD5ce31c64Bc37B3244b6394A77,MEV Capital USR,999,999
0xB7ca959b1a8D3Aa323c3E26385f1424B81eA3d28,0xB7ca959b1a8D3Aa323c3E26385f1424B81eA3d28,18.0,18.0,0x5d3a1Ff2b6BAb83b63cd9AD0787074081a52ef34,Hyperstable WHYPE/USDE,999,999
0xCdc3975df9D1cf054F44ED238Edfb708880292EA,0xCdc3975df9D1cf054F44ED238Edfb708880292EA,18.0,6.0,0xB8CE59FC3717ada4C02eaDF9682A9e934F625ebb,GlueX USDT0,999,999
0x7859c6c6e5F5f072eAB22Cc9484313f91D6B2350,0x7859c6c6e5F5f072eAB22Cc9484313f91D6B2350,18.0,6.0,0xB8CE59FC3717ada4C02eaDF9682A9e934F625ebb,Hyperstable WHLP/USDT0,999,999
0x90fB21936C5b6BE8F0D46b4357F4a25Ec4dBD573,0x90fB21936C5b6BE8F0D46b4357F4a25Ec4dBD573,18.0,6.0,0xb50A96253aBDF803D85efcDce07Ad8becBc52BD5,Steakhouse High Yield USDhl,999,999
0x53A333e51E96FE288bC9aDd7cdC4B1EAD2CD2FfA,0x53A333e51E96FE288bC9aDd7cdC4B1EAD2CD2FfA,18.0,6.0,0xB8CE59FC3717ada4C02eaDF9682A9e934F625ebb,Gauntlet USDT0 Vault,999,999
0x3Bcc0a5a66bB5BdCEEf5dd8a659a4eC75F3834d8,0x3Bcc0a5a66bB5BdCEEf5dd8a659a4eC75F3834d8,18.0,6.0,0xB8CE59FC3717ada4C02eaDF9682A9e934F625ebb,MEV Capital USDT0,999,999
0x92B518e1cD76dD70D3E20624AEdd7D107F332Cff,0x92B518e1cD76dD70D3E20624AEdd7D107F332Cff,18.0,18.0,0x5555555555555555555555555555555555555555,Hyperithm HYPE,999,999
